1,ACER,NITRO 5 AN517-41 NH.QAREY.001,17.3,16GB,R7 5800H,512GB,FREEDOS,https://cdn.dsmcdn.com/ty184/product/media/images/20211001/17/138444894/252192378/0/0_org_zoom.jpg
2,APPLE,MACBOOK AIR MLY33TU/A,13.6,8GB,M2,256GB,MACOS,https://cdn.dsmcdn.com/ty541/product/media/images/20220928/18/180895981/581885669/1/1_org_zoom.jpg
3,APPLE,MACBOOK AIR MGN63TU/A,13.3,8GB,M1,256GB,MACOS,https://cdn.dsmcdn.com/ty454/product/media/images/20220614/15/125590297/117920493/1/1_org_zoom.jpg
4,APPLE,MACBOOK PRO MKGR3TU/A,14,16GB,M1,512GB,MACOS,https://cdn.dsmcdn.com/ty455/product/media/images/20220614/9/125455730/292483852/1/1_org_zoom.jpg
5,APPLE,MACBOOK PRO MK1E3TU/A,16,16GB,M1,512GB,MACOS,https://cdn.dsmcdn.com/ty360/product/media/images/20220315/17/70305207/292549823/1/1_org_zoom.jpg
6,APPLE,MACBOOK PRO MK183TU/A,16,16GB,M1,512GB,MACOS,https://cdn.dsmcdn.com/ty225/product/media/images/20211106/18/168186710/292523675/1/1_org_zoom.jpg
7,APPLE,MACBOOK AIR MLXW3TU/A,13.6,8GB,M2,256GB,MACOS,https://cdn.dsmcdn.com/ty526/product/media/images/20220909/10/171173304/534491537/1/1_org_zoom.jpg
8,HP,SPECTRE X360 14-EA0007NT 4H1T0EA,13.5,16GB,I7 1165G7,1TB,W10,https://cdn.dsmcdn.com/ty174/product/media/images/20210915/17/130206497/242423403/1/1_org_zoom.jpg
9,HUAWEI,MATEBOOK D16,16,8GB,I5 12450H,512GB,W11,https://cdn.dsmcdn.com/ty548/product/media/images/20221001/15/183136719/585077931/1/1_org_zoom.jpg
10,HUAWEI,MATEBOOK D15 53012TTB,15.6,8GB,I5 1135G7,512GB,W11,https://cdn.dsmcdn.com/ty520/product/media/images/20220831/16/167388548/555831617/1/1_org_zoom.jpg
11,ACER,EXTENSA EX215-54G NX.EGHEY.003,15.6,8GB,I5 1135G7,512GB,FREEDOS,https://productimages.hepsiburada.net/s/286/1500/110000274844135.jpg
12,ACER,EXTENSA EX215-54 NX.EGJEY.005,15.6,8GB,I5 1135G7,512GB,FREEDOS,https://cdn.dsmcdn.com/ty536/product/media/images/20220920/12/177391340/548065962/1/1_org_zoom.jpg
13,ACER,NITRO 5 AN517-41 NH.QAQEY.001,17.3,16GB,R7 5800H,512GB,FREEDOS,https://cdn.dsmcdn.com/ty563/product/media/images/20221014/11/193282551/535765996/1/1_org_zoom.jpg
14,ACER,NITRO 5 AN517-41 NH.QBGEY.002,17.3,16GB,R7 5800H,512GB,FREEDOS,https://cdn.dsmcdn.com/ty499/product/media/images/20220804/17/154660914/535766301/1/1_org_zoom.jpg
15,ACER,NITRO 5 AN515-45 NH.QBAEY.005,15.6,8GB,R5 5600H,512GB,FREEDOS,https://cdn.dsmcdn.com/ty453/product/media/images/20220613/14/125257935/481230554/1/1_org_zoom.jpg
16,ACER,NITRO 5 AN515-45 NH.QBAEY.007,15.6,16GB,R7 5800H,512GB,FREEDOS,https://cdn.dsmcdn.com/ty499/product/media/images/20220804/17/154660848/535766203/1/1_org_zoom.jpg
17,ACER,NITRO 5 AN515-45 NH.QBAEY.004,15.6,16GB,R7 5800H,512GB,FREEDOS,https://cdn.dsmcdn.com/ty184/product/media/images/20211001/16/138389210/252147683/0/0_org_zoom.jpg
18,ACER,NITRO 5 AN515-45 NH.QBAEY.002,15.6,8GB,R5 5600H,512GB,FREEDOS,https://cdn.dsmcdn.com/ty492/product/media/images/20220728/16/151466046/530833647/1/1_org_zoom.jpg
19,ACER,SWIFT 3 SF314-43 NX.AB1EY.002,14,8GB,R5 5500U,512GB,FREEDOS,https://cdn.dsmcdn.com/ty434/product/media/images/20220517/14/112669628/478837285/1/1_org_zoom.jpg
20,ACER,ASPIRE 3 A315-56 NX.HS7EY.002,15.6,8GB,I3 1005G1,256GB,W10,https://cdn.dsmcdn.com/ty521/product/media/images/20220901/12/168009115/556787068/1/1_org_zoom.jpg
21,APPLE,MACBOOK PRO MK1F3TU/A,16,16GB,M1,1TB,MACOS,https://cdn.dsmcdn.com/ty362/product/media/images/20220315/17/70305226/302326685/1/1_org_zoom.jpg
22,APPLE,MACBOOK PRO MNEH3TU/A,13.3,8GB,M2,256GB,MACOS,https://cdn.dsmcdn.com/ty539/product/media/images/20220920/18/177522575/574073391/1/1_org_zoom.jpg
23,APPLE,MACBOOK AIR MLY43TU/A,13.6,8GB,M2,512GB,MACOS,https://cdn.dsmcdn.com/ty512/product/media/images/20220817/14/161464640/545994829/1/1_org_zoom.jpg
24,APPLE,MACBOOK PRO MKGP3TU/A,14,16GB,M1,512GB,MACOS,https://cdn.dsmcdn.com/ty453/product/media/images/20220613/9/124993692/292444480/1/1_org_zoom.jpg
25,APPLE,MACBOOK AIR MLY33TUA1 Z16000102,13.6,16GB,M2,256GB,MACOS,https://cdn.dsmcdn.com/ty541/product/media/images/20220928/9/180703209/581535501/1/1_org_zoom.jpg
26,APPLE,MACBOOK PRO MKGQ3TU/A,14,16GB,M1,1TB,MACOS,https://cdn.dsmcdn.com/ty264/product/media/images/20211206/13/5505228/331036763/1/1_org_zoom.jpg
27,APPLE,MACBOOK PRO MYD82TU/A,13,8GB,M1,256GB,MACOS,https://cdn.dsmcdn.com/ty437/product/media/images/20220519/11/113491740/129690931/2/2_org_zoom.jpg
28,APPLE,MACBOOK AIR MLY13TU/A,13.6,8GB,M2,256GB,MACOS,https://cdn.dsmcdn.com/ty541/product/media/images/20220927/12/180274273/580525600/1/1_org_zoom.jpg
29,ASUS,X515JA-EJ2120A2,15.6,16GB,I7 1065G7,256GB,FREEDOS,https://cdn.dsmcdn.com/ty407/product/media/images/20220423/22/96755235/456442387/1/1_org_zoom.jpg
30,ASUS,X415EA-EK977,14,8GB,I5 1135G7,256GB,FREEDOS,https://cdn.dsmcdn.com/ty444/product/media/images/20220602/16/120044340/492623463/1/1_org_zoom.jpg
31,ASUS,X515EA-BQ1186W,15.6,8GB,I5 1135G7,256GB,W11,https://cdn.dsmcdn.com/ty497/product/media/images/20220802/19/153702007/534012728/1/1_org_zoom.jpg
32,ASUS,TUF F15 FX506LH-HN004W,15.6,8GB,I5 10300H,512GB,W11,https://cdn.dsmcdn.com/ty491/product/media/images/20220725/19/149701017/528561343/1/1_org_zoom.jpg
33,ASUS,ROG STRIX G15 G513IC-HN037,15.6,16GB,R7 4800H,512GB,FREEDOS,https://cdn.dsmcdn.com/ty363/product/media/images/20220317/12/71390013/418206394/1/1_org_zoom.jpg
34,ASUS,VIVOBOOK 15 X571LI-BQ377,15.6,8GB,I7 10870H,512GB,FREEDOS,https://cdn.dsmcdn.com/ty434/product/media/images/20220517/20/112803087/481529736/1/1_org_zoom.jpg
35,ASUS,ROG ZEPHYRUS G14 GA401QC-BM206 BM20609,14,40GB,R7 5800HS,2TB,FREEDOS,https://cdn.dsmcdn.com/ty484/product/media/images/20220720/15/146754703/524560649/1/1_org_zoom.jpg
36,ASUS,X515JF-EJ354,15.6,8GB,I5 1035G1,256GB,FREEDOS,https://cdn.dsmcdn.com/ty286/product/media/images/20220104/13/21515281/351491658/1/1_org_zoom.jpg
37,ASUS,D515DA-BR998,15.6,4GB,R3 3250U,256GB,FREEDOS,https://cdn.dsmcdn.com/ty212/product/media/images/20211026/16/156776868/275530452/1/1_org_zoom.jpg
38,ASUS,TUF A15 FA507RM-HN095,15.6,16GB,R7 6800H,512GB,FREEDOS,https://cdn.dsmcdn.com/ty469/product/media/images/20220706/13/136076084/515413748/8/8_org_zoom.jpg
39,ASUS,TUF A15 FA507RM-HN082,15.6,16GB,R7 6800H,512GB,FREEDOS,https://cdn.dsmcdn.com/ty533/product/media/images/20220914/16/175212740/569243579/1/1_org_zoom.jpg
40,ASUS,D515DA-BQ1253,15.6,8GB,R3 3250U,256GB,FREEDOS,https://cdn.dsmcdn.com/ty540/product/media/images/20220926/15/180024681/579067581/1/1_org_zoom.jpg
41,ASUS,VIVOBOOK 15 X540UA-DM911,15.6,4GB,I3 7020U,256GB,FREEDOS,https://cdn.dsmcdn.com/ty156/product/media/images/20210814/13/118506347/226965507/1/1_org_zoom.jpg
42,ASUS,D515DA-BR3169,15.6,4GB,R3 3250U,256GB,FREEDOS,https://cdn.dsmcdn.com/ty467/product/media/images/20220701/13/133381495/511044991/1/1_org_zoom.jpg
43,ASUS,D515DA-BR1424,15.6,8GB,R3 3250U,256GB,FREEDOS,https://cdn.dsmcdn.com/ty513/product/media/images/20220821/10/163404844/548661780/1/1_org_zoom.jpg
44,ASUS,TUF F15 FX506LH-HN004W03,15.6,16GB,I5 10300H,512GB,W11,https://cdn.dsmcdn.com/ty489/product/media/images/20220725/19/149700927/528561214/1/1_org_zoom.jpg
45,ASUS,X571GTA4-HN1012A4,15.6,16GB,I5 9300H,512GB,FREEDOS,https://cdn.dsmcdn.com/ty206/product/media/images/20211020/0/152469119/268899985/0/0_org_zoom.jpg
46,ASUS,X515JA-EJ2120A108,15.6,16GB,I7 1065G7,512GB,W11P,https://cdn.dsmcdn.com/ty407/product/media/images/20220423/22/96760727/456449064/1/1_org_zoom.jpg
47,ASUS,ROG STRIX G513IE-HN065A16,15.6,16GB,R7 4800H,512GB,W10,https://cdn.dsmcdn.com/ty540/product/media/images/20220926/22/180132924/579642085/1/1_org_zoom.jpg
48,ASUS,X515JA-EJ2120A4,15.6,16GB,I7 1065G7,1TB,FREEDOS,https://cdn.dsmcdn.com/ty405/product/media/images/20220423/21/96750249/456436426/1/1_org_zoom.jpg
49,ASUS,VIVOBOOK K3400PH-KM018,14,16GB,I5 11300H,512GB,FREEDOS,https://cdn.dsmcdn.com/ty265/product/media/images/20211207/11/6237110/331759125/1/1_org_zoom.jpg
50,ASUS,X515JA-EJ2120A3,15.6,16GB,I7 1065G7,512GB,FREEDOS,https://cdn.dsmcdn.com/ty424/product/media/images/20220509/13/107358934/474477130/1/1_org_zoom.jpg
51,ASUS,D513UA-L1346,15.6,8GB,R5 5500U,512GB,FREEDOS,https://cdn.dsmcdn.com/ty373/product/media/images/20220326/16/76361813/426601079/1/1_org_zoom.jpg
52,DELL,INSPIRON 15 3511 I35111015U,15.6,8GB,I5 1135G7,512GB,UBUNTU,https://cdn.dsmcdn.com/ty440/product/media/images/20220523/8/114971600/484876597/2/2_org_zoom.jpg
53,DELL,G15 5511 G55112306U,15.6,16GB,I5 11260H,512GB,UBUNTU,https://cdn.dsmcdn.com/ty519/product/media/images/20220902/22/168739590/542841093/1/1_org_zoom.jpg
54,DELL,G15 5511 G55112801U04,15.6,64GB,I7 11800H,1TB,FREEDOS,https://cdn.dsmcdn.com/ty396/product/media/images/20220414/19/91946702/449495790/1/1_org_zoom.jpg
55,DELL,INSPIRON 3511 F35OBF821NA46,15.6,16GB,I5 1135G7,512GB,W10P,https://cdn.dsmcdn.com/ty341/product/media/images/20220223/16/57408929/396254952/1/1_org_zoom.jpg
56,CASPER,EXCALIBUR G770.1140-BVL0X-B,15.6,16GB,I5 11400H,512GB,FREEDOS,https://cdn.dsmcdn.com/ty386/product/media/images/20220406/12/84413709/343124626/1/1_org_zoom.jpg
57,HP,15-DW4010NT 6Y7Z9EA,15.6,8GB,I5 1235U,512GB,FREEDOS,https://cdn.dsmcdn.com/ty553/product/media/images/20221005/12/186410812/589622759/1/1_org_zoom.jpg
58,HP,PAVILION 15 DK2080NT 68N55EA,15.6,16GB,I7 11370H,512GB,FREEDOS,https://cdn.dsmcdn.com/ty439/product/media/images/20220525/16/116221036/487333877/1/1_org_zoom.jpg
59,HP,PAVILION 15-EG0013NT 2Y7X6EA,15.6,8GB,I5 1135G7,256GB,W10,https://cdn.dsmcdn.com/ty108/product/media/images/20210430/14/84113570/168995760/1/1_org_zoom.jpg
60,HP,PAVILION 14-DV0029NT 4H0U5EA,14,8GB,I7 1165G7,512GB,W10,https://cdn.dsmcdn.com/ty161/product/media/images/20210819/17/120217524/229810485/1/1_org_zoom.jpg
61,HP,ZBOOK STUDIO G8 314G1EA,15.6,32GB,I7 11850H,1TB,W10P,https://cdn.dsmcdn.com/ty331/product/media/images/20220214/19/50297959/387574138/1/1_org_zoom.jpg
62,HP,PAVILION 15-EC2052NT 68N66EA,15.6,16GB,R7 5800H,512GB,FREEDOS,https://cdn.dsmcdn.com/ty550/product/media/images/20221003/15/184882729/587391474/1/1_org_zoom.jpg
63,HP,PAVILION 15-EC2051NT 68N67EA,15.6,16GB,R7 5800H,512GB,FREEDOS,https://cdn.dsmcdn.com/ty410/product/media/images/20220425/16/97405357/447144351/1/1_org_zoom.jpg
64,HP,ELITEBOOK 840 G8 336D6EA,14,16GB,I7 1165G7,512GB,W10P,https://cdn.dsmcdn.com/ty458/product/media/images/20220617/19/126898871/502129416/1/1_org_zoom.jpg
65,HP,14S-FQ0014NT 227D6EA,14,4GB,R3 3250U,128GB,W10,https://cdn.dsmcdn.com/ty25/product/media/images/20201125/18/32521040/112935099/1/1_org_zoom.jpg
66,HP,14S-FQ0014NT 227D9EA,14,4GB,R3 3250U,128GB,W10,https://cdn.dsmcdn.com/ty24/product/media/images/20201116/10/26710285/106450738/1/1_org_zoom.jpg
67,HP,PROBOOK 450 G8 2X7X4EA,15.6,8GB,I5 1135G7,512GB,FREEDOS,https://cdn.dsmcdn.com/ty458/product/media/images/20220620/12/128009366/503438152/1/1_org_zoom.jpg
68,HP,PAVILION 15-EC2059NT 68N74EA,15.6,8GB,R5 5600H,512GB,FREEDOS,https://cdn.dsmcdn.com/ty544/product/media/images/20220930/16/181849292/463272710/1/1_org_zoom.jpg
69,HP,PAVILION 15-EC2056NT 68N71EA,15.6,8GB,R5 5600H,512GB,FREEDOS,https://cdn.dsmcdn.com/ty408/product/media/images/20220425/16/97403890/447158294/1/1_org_zoom.jpg
70,HP,255 G8 4P3M3ES08,15.6,32GB,R7 5700U,1TB,W10,https://cdn.dsmcdn.com/ty317/product/media/images/20220131/23/39951477/377032608/1/1_org_zoom.jpg
71,HP,255 G8 4P3M3ES,15.6,8GB,R7 5700U,256GB,W10,https://cdn.dsmcdn.com/ty263/product/media/images/20211203/12/3528167/328435116/1/1_org_zoom.jpg
72,HP,ELITEBOOK 630 G9 6S6Y3EA,13.3,16GB,I5 1235U,512GB,FREEDOS,https://cdn.dsmcdn.com/ty547/product/media/images/20221003/12/184454397/586874853/1/1_org_zoom.jpg
73,HP,ENVY 13-BA1009NT 4H0T7EA,13.3,16GB,I7 1165G7,512GB,W10,https://cdn.dsmcdn.com/ty170/product/media/images/20210902/9/124923242/235966940/1/1_org_zoom.jpg
74,HP,15-DA2033NT 9HN16EA,15.6,4GB,I5 10210U,256GB,W10,https://cdn.dsmcdn.com/ty135/product/media/images/20210625/13/104333427/121343094/1/1_org_zoom.jpg
75,HP,15S-EQ3004NT 68N36EA,15.6,8GB,R7 5825U,256GB,FREEDOS,https://cdn.dsmcdn.com/ty523/product/media/images/20220903/14/168876317/558576889/1/1_org_zoom.jpg
76,HP,PAVILION 13-BB0007NT 4J670EA,13.3,8GB,I7 1165G7,512GB,W10,https://cdn.dsmcdn.com/ty270/product/media/images/20211216/18/12291663/339397937/1/1_org_zoom.jpg
77,HP,OMEN 15-EN1018NT 4H0R8EA,15.6,16GB,R7 5800H,1TB,FREEDOS,https://cdn.dsmcdn.com/ty489/product/media/images/20220727/10/150658553/475837892/1/1_org_zoom.jpg
78,HP,ZBOOK STUDIO G8 314F7EA,15.6,16GB,I7 11800H,512GB,W10P,https://cdn.dsmcdn.com/ty257/product/media/images/20211127/19/156169/323919825/1/1_org_zoom.jpg
79,HP,255 G8 4P3K9ES,15.6,8GB,R5 5500U,256GB,W10,https://cdn.dsmcdn.com/ty292/product/media/images/20220110/10/23935886/354814259/1/1_org_zoom.jpg
80,HP,255 G8 4P3M4ES,15.6,8GB,R7 5700U,512GB,W10,https://cdn.dsmcdn.com/ty516/product/media/images/20220825/16/165572843/552353656/1/1_org_zoom.jpg
81,HUAWEI,MATEBOOK D15 BOD-WFE9,15.6,16GB,I7 1165G7,512GB,W11,https://cdn.dsmcdn.com/ty394/product/media/images/20220412/12/89104303/445405341/1/1_org_zoom.jpg
82,HUAWEI,MATEBOOK D15 IRIS XE,15.6,8GB,I5 1135G7,256GB,W11,https://cdn.dsmcdn.com/ty527/product/media/images/20220909/10/171163919/561701052/1/1_org_zoom.jpg
83,HUAWEI,MATEBOOK 16S CREF-X9611T,16,16GB,I9 12900H,1TB,W11,https://cdn.dsmcdn.com/ty532/product/media/images/20220913/18/174936826/568816826/1/1_org_zoom.jpg
84,HUAWEI,MATEBOOK 16,16,16GB,R7 5800H,512GB,W11,https://cdn.dsmcdn.com/ty521/product/media/images/20220901/9/167922084/556589085/1/1_org_zoom.jpg
85,HUAWEI,MATEBOOK D15 BOD-WDI9,15.6,8GB,I3 1115G4,256GB,W11,https://cdn.dsmcdn.com/ty433/product/media/images/20220517/20/112817837/481543708/1/1_org_zoom.jpg
86,HUAWEI,MATEBOOK D15 MBOOKD15R5,15.6,8GB,R5 5500U,512GB,W11,https://cdn.dsmcdn.com/ty318/product/media/images/20220202/14/41808255/378512354/1/1_org_zoom.jpg
87,LENOVO,THINKPAD E14 G2 20TA0055TX,14,16GB,I7 1165G7,512GB,FREEDOS,https://cdn.dsmcdn.com/ty514/product/media/images/20220824/11/164893561/551293277/1/1_org_zoom.jpg
88,LENOVO,THINKPAD E15 G2 20TDS02VTX053,15.6,32GB,I7 1165G7,1TB,W11P,https://cdn.dsmcdn.com/ty387/product/media/images/20220407/10/85295995/439742382/1/1_org_zoom.jpg
89,LENOVO,IDEAPAD L3 82HL009KTX,15.6,8GB,I5 1135G7,512GB,FREEDOS,https://cdn.dsmcdn.com/ty326/product/media/images/20220207/15/46281283/350855754/2/2_org_zoom.jpg
90,LENOVO,THINKPAD E15 G2 20TD0045TX,15.6,16GB,I5 1135G7,512GB,FREEDOS,https://cdn.dsmcdn.com/ty501/product/media/images/20220810/14/157494946/138347822/1/1_org_zoom.jpg
91,LENOVO,THINKBOOK 15 G3 ACL 21A40037TX,15.6,8GB,R7 5700U,512GB,FREEDOS,https://cdn.dsmcdn.com/ty335/product/media/images/20220217/11/51620926/389546940/1/1_org_zoom.jpg
92,LENOVO,V14 82KC0005TX,14,4GB,R3 5300U,256GB,FREEDOS,https://cdn.dsmcdn.com/ty482/product/media/images/20220718/13/143818986/523433148/1/1_org_zoom.jpg
93,LENOVO,THINKPAD L15 G2 20X4S25A00,15.6,16GB,I7 1165G7,256GB,FREEDOS,https://cdn.dsmcdn.com/ty343/product/media/images/20220224/13/57962650/397080315/1/1_org_zoom.jpg
94,LENOVO,V15 G2 ALC 82KD0042TX,15.6,8GB,R5 5500U,256GB,FREEDOS,https://cdn.dsmcdn.com/ty488/product/media/images/20220722/11/147418005/525730760/1/1_org_zoom.jpg
95,LENOVO,V14 G2 82KA0027TX,14,8GB,I5 1135G7,512GB,W10,https://cdn.dsmcdn.com/ty534/product/media/images/20220915/17/175584282/560731524/2/2_org_zoom.jpg
96,LENOVO,IDEAPAD 5 15ALC05 82LN00CCTX,15.6,8GB,R5 5500U,512GB,FREEDOS,https://cdn.dsmcdn.com/ty469/product/media/images/20220704/13/134977606/513429787/1/1_org_zoom.jpg
97,LENOVO,V15 82NB003GTX,15.6,8GB,I5 10210U,512GB,W10,https://cdn.dsmcdn.com/ty467/product/media/images/20220701/12/133364713/511042405/1/1_org_zoom.jpg
98,LENOVO,IDEAPAD 3 15ALC6 82KU00VNTXA7,15.6,20GB,R7 5700U,512GB,FREEDOS,https://cdn.dsmcdn.com/ty462/product/media/images/20220628/18/131331269/508452553/1/1_org_zoom.jpg
99,LENOVO,V14 G2 ALC 82KC0005TX02,14,8GB,R3 5300U,256GB,FREEDOS,https://cdn.dsmcdn.com/ty307/product/media/images/20220125/18/35885105/370823902/1/1_org_zoom.jpg
100,LENOVO,IDEAPAD G3 82K100KDTX,15.6,16GB,I7 11390H,512GB,FREEDOS,https://cdn.dsmcdn.com/ty525/product/media/images/20220910/10/171490919/562056574/1/1_org_zoom.jpg
101,LENOVO,THINKPAD X1 NANO G1 20UN002TTX,13,16GB,I7 1160G7,512GB,W10P,https://cdn.dsmcdn.com/ty115/product/media/images/20210517/12/88985574/175007395/1/1_org_zoom.jpg
102,LENOVO,LEGION 5 82JM0013TX,17.3,16GB,I7 11800H,512GB,FREEDOS,https://cdn.dsmcdn.com/ty485/product/media/images/20220719/14/145670720/524061565/1/1_org_zoom.jpg
103,LENOVO,V15 IIL 82C500R2TX,15.6,4GB,I5 1035G1,512GB,FREEDOS,https://cdn.dsmcdn.com/ty38/product/media/images/20210322/0/74174810/119819284/1/1_org_zoom.jpg
104,LENOVO,IDEAPAD 3 15ALC6 82KU00VNTXA147,15.6,20GB,R7 5700U,512GB,W11P,https://cdn.dsmcdn.com/ty465/product/media/images/20220704/9/134772151/513126804/1/1_org_zoom.jpg
105,LENOVO,V15 G2 ALC 82KD004ATX,15.6,12GB,R3 5300U,256GB,FREEDOS,https://cdn.dsmcdn.com/ty267/product/media/images/20211213/17/10146388/336759209/1/1_org_zoom.jpg
106,LENOVO,V14 G2 ITL 82KA0026TX,14,4GB,I5 1135G7,256GB,FREEDOS,https://cdn.dsmcdn.com/ty379/product/media/images/20220401/13/80356263/432963732/1/1_org_zoom.jpg
107,LENOVO,THINKPAD E15 G2 20TD004KTX,15.6,16GB,I7 1165G7,512GB,FREEDOS,https://cdn.dsmcdn.com/ty511/product/media/images/20220818/14/162339283/138345564/1/1_org_zoom.jpg
108,LENOVO,IDEAPAD 3 15ITL6 82H802F7TX,15.6,8GB,I7 1165G7,512GB,FREEDOS,https://cdn.dsmcdn.com/ty465/product/media/images/20220701/11/133355139/511028440/1/1_org_zoom.jpg
109,MSI,SUMMIT E13 FLIP EVO A11MT-232TR,13.4,16GB,I7 1195G7,512GB,W10P,https://cdn.dsmcdn.com/ty569/product/media/images/20221017/14/195646030/356353975/1/1_org_zoom.jpg
110,MSI,TITAN GT77 12UHS-036TR,17.3,64GB,I9 12900HX,2TB,W11,https://cdn.dsmcdn.com/ty455/product/media/images/20220614/13/125537962/498608765/1/1_org_zoom.jpg
111,MSI,PULSE GL76 12UEK-247XTR,17.3,16GB,I7 12700H,1TB,FREEDOS,https://cdn.dsmcdn.com/ty384/product/media/images/20220405/15/83633348/437436441/1/1_org_zoom.jpg
112,ASUS,TUF A15 FA507RM-HN052,15.6,16GB,R7 6800H,512GB,FREEDOS,https://cdn.dsmcdn.com/ty544/product/media/images/20220929/19/181424220/583199997/1/1_org_zoom.jpg
113,ASUS,ROG STRIX G15 G513RM-HF265,15.6,16GB,R7 6800H,512GB,FREEDOS,https://productimages.hepsiburada.net/s/230/1500/110000211864305.jpg
114,ASUS,ROG STRIX G15 G513RM-HF266,15.6,16GB,R7 6800H,512GB,FREEDOS,https://productimages.hepsiburada.net/s/238/1500/110000221636161.jpg
115,ASUS,ROG STRIX G15 G513RW-HF208,15.6,16GB,R7 6800H,1TB,FREEDOS,https://cdn.dsmcdn.com/ty461/product/media/images/20220623/16/129271889/505509256/1/1_org_zoom.jpg
116,ASUS,ROG STRIX G15 G513RW-HF206,15.6,16GB,R7 6800H,1TB,FREEDOS,https://cdn.dsmcdn.com/ty454/product/media/images/20220615/19/125993174/500518976/1/1_org_zoom.jpg
117,ASUS,TUF A15 FA507RM-HN096,15.6,16GB,R7 6800H,512GB,FREEDOS,https://cdn.dsmcdn.com/ty458/product/media/images/20220617/16/126783528/501919587/1/1_org_zoom.jpg
118,ASUS,D515DA-BQ9801,15.6,8GB,R3 3250U,256GB,FREEDOS,https://cdn.dsmcdn.com/ty542/product/media/images/20220927/16/180345127/580972342/1/1_org_zoom.jpg
119,ASUS,D515DA-BR114201,15.6,8GB,R3 3250U,256GB,FREEDOS,https://cdn.dsmcdn.com/ty279/product/media/images/20211229/18/18786513/347784804/1/1_org_zoom.jpg
120,ASUS,D515DA-EJ1426,15.6,8GB,R3 3250U,256GB,FREEDOS,https://cdn.dsmcdn.com/ty403/product/media/images/20220419/11/94230005/452590427/1/1_org_zoom.jpg
121,ASUS,D515DA-BR125,15.6,4GB,R3 3250U,256GB,FREEDOS,https://productimages.hepsiburada.net/s/59/1500/110000000086985.jpg
122,ASUS,D515DA-EJ819,15.6,4GB,R3 3250U,256GB,FREEDOS,https://cdn.dsmcdn.com/ty457/product/media/images/20220621/12/128354954/484684898/1/1_org_zoom.jpg
123,ASUS,D515DA-BR408,15.6,4GB,R3 3250U,256GB,FREEDOS,https://cdn.dsmcdn.com/ty205/product/media/images/20211020/15/152898015/269470580/1/1_org_zoom.jpg
124,ASUS,ROG STRIX G15 G513IE-HN085,15.6,16GB,R7 4800H,1TB,FREEDOS,https://cdn.dsmcdn.com/ty538/product/media/images/20220922/11/178394138/575211420/1/1_org_zoom.jpg
125,ASUS,ROG STRIX G15 G513IC-HN096,15.6,16GB,R7 4800H,1TB,FREEDOS,https://cdn.dsmcdn.com/ty517/product/media/images/20220826/15/166029863/496851979/1/1_org_zoom.jpg
126,ASUS,ROG STRIX G15 G513IC-HN049,15.6,16GB,R7 4800H,1TB,FREEDOS,https://cdn.dsmcdn.com/ty453/product/media/images/20220615/19/125990421/500514835/1/1_org_zoom.jpg
127,ASUS,X509UA-EJ073,15.6,4GB,I3 7020U,256GB,FREEDOS,https://productimages.hepsiburada.net/s/153/500/110000109351190.jpg
128,ASUS,TUF FX506LHB-HN348,15.6,8GB,I5 10300H,512GB,FREEDOS,https://cdn.dsmcdn.com/ty532/product/media/images/20220915/11/175446404/548427705/1/1_org_zoom.jpg
129,ASUS,TUF FX506LHB-HN345,15.6,8GB,I5 10300H,512GB,FREEDOS,https://cdn.dsmcdn.com/ty550/product/media/images/20221003/13/184697766/587105427/1/1_org_zoom.jpg
130,ASUS,TUF FX506LHB-HN323,15.6,8GB,I5 10300H,512GB,FREEDOS,https://cdn.dsmcdn.com/ty455/product/media/images/20220615/20/126013729/500548198/4/4_org_zoom.jpg
131,ASUS,TUF F15 FX506LHB-HN348,15.6,8GB,I5 10300H,512GB,FREEDOS,https://productimages.hepsiburada.net/s/274/1500/110000259769021.jpg
132,ASUS,X515EA-BR2026A,15.6,8GB,I5 1135G7,256GB,FREEDOS,https://cdn.dsmcdn.com/ty526/product/media/images/20220909/10/171173790/561701573/1/1_org_zoom.jpg
133,ASUS,X415EA-EB976,14,8GB,I5 1135G7,256GB,FREEDOS,https://cdn.dsmcdn.com/ty454/product/media/images/20220615/13/125839491/500309917/1/1_org_zoom.jpg
134,ASUS,VIVOBOOK 15 K513EP L157602,15.6,16GB,I5 1135G7,512GB,FREEDOS,https://cdn.dsmcdn.com/ty516/product/media/images/20220824/16/165098279/551543513/1/1_org_zoom.jpg
135,ASUS,VIVOBOOK K513EPA4-L1576A4,15.6,16GB,I5 1135G7,512GB,FREEDOS,https://cdn.dsmcdn.com/ty527/product/media/images/20220908/13/170706007/561205442/1/1_org_zoom.jpg
136,ASUS,X515EA-EJ122927,15.6,16GB,I5 1135G7,512GB,FREEDOS,https://cdn.dsmcdn.com/ty346/product/media/images/20220302/16/61340509/401502762/1/1_org_zoom.jpg
137,ASUS,X515JA-EJ2112W,15.6,4GB,I3 1005G1,256GB,W11,https://cdn.dsmcdn.com/ty453/product/media/images/20220613/12/125240114/499387703/1/1_org_zoom.jpg
138,ASUS,X515JA-EJ2137W,15.6,4GB,I3 1005G1,256GB,W11,https://cdn.dsmcdn.com/ty507/product/media/images/20220816/9/160655623/545011304/1/1_org_zoom.jpg
139,ASUS,X509FA,15.6,8GB,I5 10210U,256GB,W10,https://cdn.dsmcdn.com/ty353/product/media/images/20220308/11/64842834/407952317/1/1_org_zoom.jpg
140,ASUS,X515FA-EJ053T,15.6,8GB,I5 10210U,256GB,W10,https://cdn.dsmcdn.com/ty292/product/media/images/20220111/14/24965825/356386402/1/1_org_zoom.jpg
141,ASUS,X509FA-EJ1072T,15.6,8GB,I5 10210U,256GB,W10,https://cdn.dsmcdn.com/ty211/product/media/images/20211026/14/156626727/275319830/1/1_org_zoom.jpg
142,ASUS,X515EA-BQ511W,15.6,8GB,I5 1135G7,512GB,W11,https://cdn.dsmcdn.com/ty537/product/media/images/20220920/18/177522942/574097902/1/1_org_zoom.jpg
143,ASUS,X515EA-BQ1185W,15.6,8GB,I5 1135G7,512GB,W11,https://cdn.dsmcdn.com/ty527/product/media/images/20220908/17/170860052/561348139/1/1_org_zoom.jpg
144,ASUS,VIVOBOOK 15,15.6,8GB,I5 1135G7,512GB,W11,https://cdn.dsmcdn.com/ty520/product/media/images/20220901/17/168245306/557115517/1/1_org_zoom.jpg
145,ASUS,ROG STRIX G15 G513IE-HN065,15.6,16GB,R7 4800H,512GB,FREEDOS,https://cdn.dsmcdn.com/ty508/product/media/images/20220815/12/160086270/544325640/1/1_org_zoom.jpg
146,ASUS,ROG STRIX G513IE-HN065A8,15.6,32GB,R7 4800H,1TB,FREEDOS,https://cdn.dsmcdn.com/ty540/product/media/images/20220926/22/180132613/579638427/1/1_org_zoom.jpg
147,ASUS,ROG STRIX G513IE-HN065 HN06503,15.6,32GB,R7 4800H,1TB,FREEDOS,https://cdn.dsmcdn.com/ty485/product/media/images/20220720/14/146750934/524554589/1/1_org_zoom.jpg
148,ASUS,TUF FA507RM-HN052A5,15.6,32GB,R7 6800H,1TB,FREEDOS,https://cdn.dsmcdn.com/ty534/product/media/images/20220919/11/176881867/561850268/1/1_org_zoom.jpg
149,ASUS,X409FA-BV653,14,8GB,I7 8565U,512GB,FREEDOS,https://cdn.dsmcdn.com/ty289/product/media/images/20220108/23/23531642/354082309/1/1_org_zoom.jpg
150,ASUS,D515DA-BQ9802,15.6,12GB,R3 3250U,256GB,FREEDOS,https://cdn.dsmcdn.com/ty542/product/media/images/20220927/15/180325458/580916225/1/1_org_zoom.jpg
151,ASUS,D515DA-BR114203,15.6,12GB,R3 3250U,256GB,FREEDOS,https://cdn.dsmcdn.com/ty279/product/media/images/20211229/18/18784902/347783605/1/1_org_zoom.jpg
152,ASUS,VIVOBOOK K3400PH-KM370,14,16GB,I5 11300H,512GB,FREEDOS,https://cdn.dsmcdn.com/ty440/product/media/images/20220527/13/116799964/488409227/1/1_org_zoom.jpg
153,ASUS,TUF FA507RM-HN052A6,15.6,32GB,R7 6800H,2TB,FREEDOS,https://cdn.dsmcdn.com/ty535/product/media/images/20220919/11/176881961/561850012/1/1_org_zoom.jpg
154,ASUS,D515DA BR028T,15.6,4GB,R3 3250U,256GB,W10,https://cdn.dsmcdn.com/ty171/product/media/images/20210908/12/127634644/239046974/1/1_org_zoom.jpg
155,ASUS,ROG ZEPHYRUS G14 GA401QC-BM207,14,8GB,R7 5800HS,1TB,FREEDOS,https://cdn.dsmcdn.com/ty557/product/media/images/20221008/11/189190258/389640110/1/1_org_zoom.jpg
156,ASUS,VIVOBOOK 15 M1502,15.6,8GB,R5 4600H,256GB,W11,https://cdn.dsmcdn.com/ty536/product/media/images/20220915/18/175610230/569886180/1/1_org_zoom.jpg
157,ASUS,X515JF,15.6,8GB,I5 1035G1,512GB,W10,https://cdn.dsmcdn.com/ty537/product/media/images/20220920/19/177543852/574138700/1/1_org_zoom.jpg
158,ASUS,X409FA-BV659,14,8GB,I7 8565U,512GB,FREEDOS,https://cdn.dsmcdn.com/ty252/product/media/images/20211125/14/111733741/321976667/1/1_org_zoom.jpg
159,ASUS,TUF A15 FA506ICB-HN178,15.6,8GB,R5 4600H,512GB,FREEDOS,https://cdn.dsmcdn.com/ty537/product/media/images/20220922/11/178387520/575200618/1/1_org_zoom.jpg
160,ASUS,ROG STRIX SCAR 17 G733ZS-KH011,17.3,16GB,I9 12900H,1TB,FREEDOS,https://cdn.dsmcdn.com/ty531/product/media/images/20220913/9/174751960/568541892/1/1_org_zoom.jpg
161,ASUS,ROG STRIX G17 G713RS-KH004,17.3,16GB,R9 6900HX,1TB,FREEDOS,https://cdn.dsmcdn.com/ty318/product/media/images/20220202/19/42230449/378832789/1/1_org_zoom.jpg
162,ASUS,ROG STRIX G17 G713RS-KH010,17.3,16GB,R9 6900HX,1TB,FREEDOS,https://cdn.dsmcdn.com/ty461/product/media/images/20220625/12/129755255/506354860/1/1_org_zoom.jpg
163,ASUS,X515JF-EJ354Z13,15.6,16GB,I5 1035G1,512GB,FREEDOS,https://productimages.hepsiburada.net/s/211/500/110000188360666.jpg
164,ASUS,VIVOBOOK X571LI-BQ377A3,15.6,16GB,I7 10870H,512GB,FREEDOS,https://cdn.dsmcdn.com/ty526/product/media/images/20220909/16/171281390/561849567/1/1_org_zoom.jpg
165,ASUS,ZENBOOK 14 UM3402,14,16GB,R5 5625U,512GB,W11,https://cdn.dsmcdn.com/ty535/product/media/images/20220915/18/175615437/569887370/1/1_org_zoom.jpg
166,ASUS,TUF FA507RM-HN052A32,15.6,32GB,R7 6800H,1TB,W11P,https://cdn.dsmcdn.com/ty549/product/media/images/20221003/18/185041181/587590886/1/1_org_zoom.jpg
167,ASUS,VIVOBOOK 15 K513EP L157624,15.6,40GB,I5 1135G7,2TB,W11P,https://cdn.dsmcdn.com/ty517/product/media/images/20220824/15/165064752/551500711/1/1_org_zoom.jpg
168,ASUS,X515FA-BR039,15.6,4GB,I3 10110U,256GB,FREEDOS,https://cdn.dsmcdn.com/ty536/product/media/images/20220916/11/175949405/570319891/1/1_org_zoom.jpg
169,ASUS,X509FA-BR951T,15.6,4GB,I3 10110U,256GB,W10,https://cdn.dsmcdn.com/ty306/product/media/images/20220125/17/35859985/276835732/2/2_org_zoom.jpg
170,ASUS,X515JA-EJ2119,15.6,8GB,I7 1065G7,256GB,FREEDOS,https://cdn.dsmcdn.com/ty517/product/media/images/20220827/15/166341607/554065576/1/1_org_zoom.jpg
171,ASUS,X515JA-EJ2120A1,15.6,8GB,I7 1065G7,256GB,FREEDOS,https://cdn.dsmcdn.com/ty405/product/media/images/20220423/22/96755214/456442373/1/1_org_zoom.jpg
172,ASUS,X515JA-BQ2070W,15.6,8GB,I5 1035G1,512GB,W11,https://cdn.dsmcdn.com/ty553/product/media/images/20221006/17/187720592/590723609/1/1_org_zoom.jpg
173,ASUS,K513EP-L1576,15.6,8GB,I5 1135G7,512GB,FREEDOS,https://cdn.dsmcdn.com/ty446/product/media/images/20220601/13/119306745/491727287/1/1_org_zoom.jpg
174,ASUS,VIVOBOOK 15 X571LI-BQ377A3,15.6,16GB,I7 10870H,1TB,FREEDOS,https://cdn.dsmcdn.com/ty499/product/media/images/20220808/10/156057946/537926105/1/1_org_zoom.jpg
175,ASUS,ZENBOOK OLED UX325EA-KG654W,13.3,16GB,I7 1165G7,1TB,W11,https://cdn.dsmcdn.com/ty357/product/media/images/20220311/16/68046810/412811269/1/1_org_zoom.jpg
176,ASUS,ZENBOOK 14X UX5401,14,16GB,I7 1165G7,1TB,W11,https://cdn.dsmcdn.com/ty531/product/media/images/20220913/8/174738984/568529637/1/1_org_zoom.jpg
177,ASUS,ROG ZEPHYRUS G15 GA503RM-HQ124,15.6,16GB,R7 6800HS,1TB,FREEDOS,https://cdn.dsmcdn.com/ty454/product/media/images/20220613/13/125247376/499394701/1/1_org_zoom.jpg
178,ASUS,ZENBOOK 14X UM5401,14,16GB,R9 5900HX,1TB,W11,https://cdn.dsmcdn.com/ty538/product/media/images/20220920/18/177525692/574088986/1/1_org_zoom.jpg
179,ASUS,X415EA-EB1360W02,14,16GB,I7 1165G7,512GB,W11,https://cdn.dsmcdn.com/ty543/product/media/images/20220930/18/181893954/583869549/1/1_org_zoom.jpg
180,ASUS,TUF A15 FA506IEB-HN066,15.6,16GB,R5 4600H,512GB,FREEDOS,https://cdn.dsmcdn.com/ty544/product/media/images/20220930/16/181849882/582534773/1/1_org_zoom.jpg
181,ASUS,ZENBOOK 14 UM425,14,16GB,R5 5600H,512GB,W11,https://cdn.dsmcdn.com/ty537/product/media/images/20220920/18/177517612/574058156/1/1_org_zoom.jpg
182,ASUS,X515EA-BQ1843T11,15.6,24GB,I5 1135G7,1TB,FREEDOS,https://cdn.dsmcdn.com/ty499/product/media/images/20220804/14/154593869/535666725/1/1_org_zoom.jpg
183,ASUS,X515EA-BQ1186W08,15.6,24GB,I5 1135G7,1TB,W11,https://cdn.dsmcdn.com/ty524/product/media/images/20220907/17/170291368/560657694/1/1_org_zoom.jpg
184,ASUS,TUF A15 FA507RM-HN096 HN09614,15.6,32GB,R7 6800H,1TB,W11,https://cdn.dsmcdn.com/ty547/product/media/images/20221001/23/183499494/585873332/1/1_org_zoom.jpg
185,ASUS,X515JA-EJ2138,15.6,4GB,I3 1005G1,256GB,FREEDOS,https://cdn.dsmcdn.com/ty521/product/media/images/20220901/11/167965052/556667263/1/1_org_zoom.jpg
186,ASUS,X515FA-EJ116W,15.6,4GB,I3 10110U,256GB,W11,https://cdn.dsmcdn.com/ty522/product/media/images/20220906/0/169582508/559592474/1/1_org_zoom.jpg
187,ASUS,X515JF-BR229T,15.6,4GB,I5 1035G1U,256GB,W10,https://cdn.dsmcdn.com/ty431/product/media/images/20220512/15/109861805/477714244/1/1_org_zoom.jpg
188,ASUS,D515DA-EJ1423W,15.6,4GB,R3 3250U,256GB,W11,https://cdn.dsmcdn.com/ty457/product/media/images/20220618/18/127622707/502965535/1/1_org_zoom.jpg
189,ASUS,X515FA-EJ045,15.6,8GB,I5 10210U,256GB,FREEDOS,https://productimages.hepsiburada.net/s/186/1500/110000151195803.jpg
190,ASUS,X415EA-EK977W,14,8GB,I5 11135G7,256GB,W11,https://cdn.dsmcdn.com/ty313/product/media/images/20220128/20/38516735/374726119/1/1_org_zoom.jpg
191,ASUS,X409FA-BV660,14,8GB,I7 8565U,256GB,FREEDOS,https://cdn.dsmcdn.com/ty157/product/media/images/20210814/11/118483282/226920434/0/0_org_zoom.jpg
192,ASUS,D415DA-EK713,14,8GB,R3 3250U,256GB,FREEDOS,https://cdn.dsmcdn.com/ty380/product/media/images/20220401/14/80382143/433007644/1/1_org_zoom.jpg
193,ASUS,X515JA-BQ1827W,15.6,8GB,I5 1035G1U,512GB,W11,https://cdn.dsmcdn.com/ty400/product/media/images/20220415/10/92357182/449963178/1/1_org_zoom.jpg
194,ASUS,X571GTA44-HN1012A44,15.6,8GB,I5 9300H,512GB,W10,https://cdn.dsmcdn.com/ty204/product/media/images/20211020/10/152688272/269189430/1/1_org_zoom.jpg
195,ASUS,X515JA-EJ2120A36,15.6,8GB,I7 1065G7,512GB,W10,https://productimages.hepsiburada.net/s/207/500/110000183608369.jpg
196,ASUS,X409FA-EK036,14,8GB,I7 8565U,512GB,W10P,https://cdn.dsmcdn.com/ty311/product/media/images/20220126/19/36784901/372070541/1/1_org_zoom.jpg
197,ACER,NITRO 5 AN515-45 NH.QB9EY.003,15.6,8GB,R5 5600H,512GB,FREEDOS,https://productimages.hepsiburada.net/s/264/1500/110000248531338.jpg
198,ACER,ASPIRE 7 A715-42 NH.QBFEY.001,15.6,8GB,R5 5500U,256GB,FREEDOS,https://cdn.dsmcdn.com/ty159/product/media/images/20210819/11/120001282/229195386/1/1_org_zoom.jpg
199,ACER,ASPIRE 7 A715-42G NH.QBFEY.007,15.6,8GB,R5 5500U,256GB,FREEDOS,https://cdn.dsmcdn.com/ty444/product/media/images/20220602/16/120038441/492617450/1/1_org_zoom.jpg
200,ACER,ASPIRE 7 A715-42G NH.QE5EY.006,15.6,8GB,R5 5500U,256GB,FREEDOS,https://cdn.dsmcdn.com/ty446/product/media/images/20220602/14/119897737/492463000/1/1_org_zoom.jpg
201,ACER,NITRO 5 AN515-45 NH.QBBEY.001,15.6,16GB,R7 5800H,512GB,FREEDOS,https://cdn.dsmcdn.com/ty499/product/media/images/20220804/17/154660718/535765997/1/1_org_zoom.jpg
202,ACER,NITRO 5 AN515-45 NH.QBAEY.003,15.6,16GB,R5 5600H,512GB,FREEDOS,https://cdn.dsmcdn.com/ty183/product/media/images/20211001/17/138415184/252179791/0/0_org_zoom.jpg
203,ACER,NITRO 5 AN515-45 NH.QBBEY.003,15.6,16GB,R5 5600H,512GB,FREEDOS,https://cdn.dsmcdn.com/ty500/product/media/images/20220804/17/154660940/535766326/1/1_org_zoom.jpg
204,ACER,NITRO 5 AN515-45 NH.QBCEY.005,15.6,16GB,R5 5600H,512GB,FREEDOS,https://cdn.dsmcdn.com/ty161/product/media/images/20210819/5/119734144/229230608/0/0_org_zoom.jpg
205,ACER,EXTENSA EX215-54G NX.EGHEY.001,15.6,8GB,I5 1135G7,512GB,FREEDOS,https://cdn.dsmcdn.com/ty436/product/media/images/20220521/14/114510492/485297355/1/1_org_zoom.jpg
206,ACER,ASPIRE 3 A315-56-327T NX.HS5EY.006,15.6,8GB,I3 1005G1,256GB,FREEDOS,https://cdn.dsmcdn.com/ty518/product/media/images/20220825/10/165283273/551885152/1/1_org_zoom.jpg
207,ACER,ASPIRE 3 A315-56 NX.HS6EY.001,15.6,8GB,I3 1005G1,256GB,FREEDOS,https://cdn.dsmcdn.com/ty211/product/media/images/20211026/15/156687094/275355513/0/0_org_zoom.jpg
208,ACER,ASPIRE 7 A715-75G-53BQ,15.6,8GB,I5 10300H,512GB,FREEDOS,https://cdn.dsmcdn.com/ty470/product/media/images/20220707/9/136469279/515856881/1/1_org_zoom.jpg
209,ACER,NITRO AN515-55 NH.Q7JEY.006,15.6,8GB,I5 10300H,512GB,FREEDOS,https://cdn.dsmcdn.com/ty167/product/media/images/20210826/9/122626409/232941474/1/1_org_zoom.jpg
210,ACER,NITRO 5 AN515-58 NH.QFLEY.003,15.6,16GB,I7 12700H,512GB,FREEDOS,https://cdn.dsmcdn.com/ty538/product/media/images/20220921/17/178143566/500537713/1/1_org_zoom.jpg
211,ACER,NITRO 5 AN515-58 NH.QFMEY.003,15.6,16GB,I7 12700H,512GB,FREEDOS,https://cdn.dsmcdn.com/ty535/product/media/images/20220920/11/177388951/547888636/1/1_org_zoom.jpg
212,ACER,EXTENSA 15 EX215-54-57LW,15.6,8GB,I5 1135G7,256GB,FREEDOS,https://cdn.dsmcdn.com/ty520/product/media/images/20220831/16/167375017/555830038/1/1_org_zoom.jpg
213,ACER,ASPIRE 3 A315-58 NX.ADDEY.004,15.6,8GB,I5 1135G7,256GB,FREEDOS,https://cdn.dsmcdn.com/ty499/product/media/images/20220804/9/154495491/511280436/1/1_org_zoom.jpg
214,ACER,ASPIRE 7 A715-42G NH.QE5EY.004,15.6,8GB,R5 5500U,512GB,FREEDOS,https://cdn.dsmcdn.com/ty446/product/media/images/20220602/16/120044425/492623558/1/1_org_zoom.jpg
215,ACER,PREDATOR PT315-52-57PN,15.6,16GB,I5 10300H,512GB,W10,https://cdn.dsmcdn.com/ty362/product/media/images/20220316/15/70799089/417385417/1/1_org_zoom.jpg
216,ACER,SWIFT 3 SF314-511 NX.ABNEY.002,14,16GB,I7 1165G7,512GB,W10,https://cdn.dsmcdn.com/ty388/product/media/images/20220407/11/85324024/439792692/1/1_org_zoom.jpg
217,ACER,EXTENSA 15 NX.EG9EY.004,15.6,8GB,R3 3250U,256GB,FREEDOS,https://cdn.dsmcdn.com/ty435/product/media/images/20220520/12/114105414/484647373/1/1_org_zoom.jpg
218,ACER,SWIFT 3 SF314-511 NX.ABNEY.003,14,8GB,I5 1135G7,512GB,W11,https://cdn.dsmcdn.com/ty484/product/media/images/20220719/13/145591574/485878214/2/2_org_zoom.jpg
219,ACER,ASPIRE 3,15.6,8GB,I5 1135G7,512GB,W11,https://cdn.dsmcdn.com/ty564/product/media/images/20221014/22/193666439/596614620/1/1_org_zoom.jpg
220,ACER,NITRO 5 AN515-57 NH.QFGEY.002,15.6,16GB,I7 11800H,512GB,FREEDOS,https://cdn.dsmcdn.com/ty535/product/media/images/20220920/12/177389574/547803671/1/1_org_zoom.jpg
221,APPLE,MACBOOK PRO MNEJ3TU/A,13.3,8GB,M2,512GB,MACOS,https://cdn.dsmcdn.com/ty478/product/media/images/20220715/13/141963287/521613015/1/1_org_zoom.jpg
222,APPLE,MACBOOK PRO MNEQ3TU/A,13.3,8GB,M2,512GB,MACOS,https://cdn.dsmcdn.com/ty563/product/media/images/20221014/11/193279032/535511399/1/1_org_zoom.jpg
223,APPLE,MACBOOK AIR Z125000BV,13,16GB,M1,512GB,MACOS,https://cdn.dsmcdn.com/ty84/product/media/images/20210313/11/71047419/151781302/1/1_org_zoom.jpg
224,APPLE,MACBOOK PRO Z11C0007Y,13,16GB,M1,512GB,MACOS,https://cdn.dsmcdn.com/ty84/product/media/images/20210313/12/71054058/151791243/1/1_org_zoom.jpg
225,APPLE,MACBOOK PRO MNEP3TU/A,13.3,8GB,M2,256GB,MACOS,https://cdn.dsmcdn.com/ty500/product/media/images/20220804/9/154482677/535524369/1/1_org_zoom.jpg
226,APPLE,MACBOOK PRO,16,16GB,M1,1TB,MACOS,https://cdn.dsmcdn.com/ty531/product/media/images/20220915/11/175443049/306919731/1/1_org_zoom.jpg
227,APPLE,MACBOOK PRO MK193TU/A,16,16GB,M1,1TB,MACOS,https://productimages.hepsiburada.net/s/131/1500/110000081537742.jpg
228,APPLE,MACBOOK AIR Z1240009K,13.3,16GB,M1,256GB,MACOS,https://productimages.hepsiburada.net/s/64/1500/110000005442676.jpg
229,APPLE,MACBOOK AIR Z127M116256-TQ6,13.3,16GB,M1,256GB,MACOS,https://cdn.dsmcdn.com/ty453/product/media/images/20220614/15/125590325/378519693/1/1_org_zoom.jpg
230,APPLE,MACBOOK PRO Z11B00098,13.3,16GB,M1,256GB,MACOS,https://productimages.hepsiburada.net/s/265/500/110000250478677.jpg
231,APPLE,MACBOOK AIR Z127M116512-TQ6,13.3,16GB,M1,512GB,MACOS,https://cdn.dsmcdn.com/ty328/product/media/images/20220211/12/48508136/376324141/1/1_org_zoom.jpg
232,APPLE,MACBOOK AIR Z124M116512-TQ6,13.3,16GB,M1,512GB,MACOS,https://cdn.dsmcdn.com/ty456/product/media/images/20220617/11/126657077/378719684/1/1_org_zoom.jpg
233,APPLE,MACBOOK PRO MYD92TU/A,13.3,8GB,M1,512GB,MACOS,https://cdn.dsmcdn.com/ty208/product/media/images/20211025/14/155924235/124608760/1/1_org_zoom.jpg
234,APPLE,MACBOOK AIR MGNA3TU/A,13.3,8GB,M1,512GB,MACOS,https://productimages.hepsiburada.net/s/49/500/10983950843954.jpg
235,APPLE,MACBOOK AIR MGN73TU/A,13,8GB,M1,512GB,MACOS,https://cdn.dsmcdn.com/ty208/product/media/images/20211025/14/155912736/117305379/1/1_org_zoom.jpg
236,APPLE,MACBOOK PRO Z11D116256-TQ6,13,16GB,M1,256GB,MACOS,https://cdn.dsmcdn.com/ty162/product/media/images/20210820/22/120702443/231050462/0/0_org_zoom.jpg
237,APPLE,MACBOOK AIR Z15SM2JT16512,13.6,16GB,M2,512GB,MACOS,https://cdn.dsmcdn.com/ty537/product/media/images/20220920/19/177543929/574138741/1/1_org_zoom.jpg
238,APPLE,MACBOOK PRO MAX MK1H3TU/A,16,32GB,M1,1TB,MACOS,https://cdn.dsmcdn.com/ty246/product/media/images/20211116/17/181494130/302345198/1/1_org_zoom.jpg
239,APPLE,MACBOOK AIR MLXX3TU/A,13.6,8GB,M2,512GB,MACOS,https://cdn.dsmcdn.com/ty539/product/media/images/20220920/19/177539667/574135302/1/1_org_zoom.jpg
240,APPLE,MACBOOK AIR MLY03TU/A,13.6,8GB,M2,512GB,MACOS,https://cdn.dsmcdn.com/ty540/product/media/images/20220928/16/180837020/581824585/1/1_org_zoom.jpg
241,APPLE,MACBOOK AIR MLY23TU/A,13.6,8GB,M2,512GB,MACOS,https://cdn.dsmcdn.com/ty539/product/media/images/20220920/18/177517324/574057574/1/1_org_zoom.jpg
242,APPLE,MACBOOK PRO MAX Z14VM1MNY642-TQ6,16,64GB,M1,2TB,MACOS,https://cdn.dsmcdn.com/ty501/product/media/images/20220809/18/156743900/539017844/1/1_org_zoom.jpg
243,APPLE,MACBOOK PRO MKGT3TU/A,14,16GB,M1,1TB,MACOS,https://cdn.dsmcdn.com/ty375/product/media/images/20220329/14/78182302/429338710/1/1_org_zoom.jpg
244,APPLE,MACBOOK AIR MGN93TU/A,13,8GB,M1,256GB,MACOS,https://cdn.dsmcdn.com/ty437/product/media/images/20220519/10/113459570/117794442/1/1_org_zoom.jpg
245,APPLE,MACBOOK AIR MGND3TU/A,13,8GB,M1,256GB,MACOS,https://cdn.dsmcdn.com/ty513/product/media/images/20220822/16/163937942/117736341/1/1_org_zoom.jpg
246,APPLE,MACBOOK PRO MYDA2TU/A,13,8GB,M1,256GB,MACOS,https://cdn.dsmcdn.com/ty437/product/media/images/20220519/10/113461526/124489941/1/1_org_zoom.jpg
247,DELL,INSPIRON 3511 F1135F85N,15.6,8GB,I5 1135G7,512GB,UBUNTU,https://cdn.dsmcdn.com/ty278/product/media/images/20211224/12/15878662/344305655/1/1_org_zoom.jpg
248,DELL,LATITUDE 3520 N014L352017EMEA_U,15.6,16GB,I7 1165G7,512GB,FREEDOS,https://cdn.dsmcdn.com/ty410/product/media/images/20220426/12/98396234/459521621/1/1_org_zoom.jpg
249,DELL,LATITUDE 5430 N213L543014EMEA_W,14,16GB,I7 1255U,512GB,W10P,https://cdn.dsmcdn.com/ty524/product/media/images/20220905/14/169388354/559297617/1/1_org_zoom.jpg
250,DELL,G515 G55201800U,15.6,16GB,I7 12700H,512GB,UBUNTU,https://cdn.dsmcdn.com/ty468/product/media/images/20220705/12/135595671/514294849/1/1_org_zoom.jpg
251,DELL,INSPIRON 3511 FB11F82N,15.6,8GB,I3 1115G4,256GB,UBUNTU,https://cdn.dsmcdn.com/ty515/product/media/images/20220822/12/163815531/549290609/1/1_org_zoom.jpg
252,DELL,G15 5510 4B500W85C,15.6,8GB,I5 10500H,512GB,W10,https://cdn.dsmcdn.com/ty490/product/media/images/20220726/11/149966481/528845394/3/3_org_zoom.jpg
253,DELL,INSPIRON 3511 F35OBF821NA3,15.6,16GB,I5 1135G7,256GB,LINUX,https://cdn.dsmcdn.com/ty341/product/media/images/20220223/13/57304433/396151255/1/1_org_zoom.jpg
254,DELL,INSPIRON 3511 F35OBF821NA24,15.6,16GB,I5 1135G7,256GB,W10,https://cdn.dsmcdn.com/ty339/product/media/images/20220223/17/57506236/396362982/1/1_org_zoom.jpg
255,DELL,INSPIRON 3511 F35OBF821NA4,15.6,16GB,I5 1135G7,512GB,LINUX,https://cdn.dsmcdn.com/ty340/product/media/images/20220223/13/57304462/396151276/1/1_org_zoom.jpg
256,DELL,INSPIRON 3511 F35OBF821NA25,15.6,16GB,I5 1135G7,512GB,W10,https://cdn.dsmcdn.com/ty339/product/media/images/20220223/14/57332572/396178918/1/1_org_zoom.jpg
257,DELL,G15 5515 6GR7W165N,15.6,16GB,R7 5800H,512GB,W11,https://cdn.dsmcdn.com/ty332/product/media/images/20220214/16/50203476/387444828/1/1_org_zoom.jpg
258,DELL,INSPIRON 14 7400 7400-S35WP82N,14.5,8GB,I5 1135G7,256GB,W10P,https://cdn.dsmcdn.com/ty222/product/media/images/20211105/8/166049033/172096731/1/1_org_zoom.jpg
259,CASPER,EXCALIBUR G770.1140-8EL0T-B,15.6,8GB,I5 11400H,512GB,W11,https://cdn.dsmcdn.com/ty384/product/media/images/20220406/12/84415362/193051103/1/1_org_zoom.jpg
260,CASPER,NIRVANA S500.1135-8E00T-G-F,15.6,8GB,I5 1135G7,512GB,W11,https://productimages.hepsiburada.net/s/159/1500/110000117273165.jpg
261,CASPER,NIRVANA F500.1135-8E00T-G-F,15.6,8GB,I5 1135G7,512GB,W11,https://cdn.dsmcdn.com/ty540/product/media/images/20220928/9/180700515/581528089/1/1_org_zoom.jpg
262,CASPER,NIRVANA X500.1021-8D00X-G-F,15.6,8GB,I5 10210U,256GB,FREEDOS,https://cdn.dsmcdn.com/ty169/product/media/images/20210901/22/124774283/235807406/0/0_org_zoom.jpg
263,CASPER,EXCALIBUR G770.1245-8VJ0X-B,15.6,8GB,I5 12450H,512GB,FREEDOS,https://cdn.dsmcdn.com/ty451/product/media/images/20220610/11/123674443/497650370/1/1_org_zoom.jpg
264,CASPER,EXCALIBUR G770.1160-BVH0X-B,15.6,16GB,I7 11600H,512GB,FREEDOS,https://cdn.dsmcdn.com/ty384/product/media/images/20220406/12/84413743/343125678/1/1_org_zoom.jpg
265,HP,250 G9 6Q8M6ES,15.6,8GB,I5 1235U,512GB,FREEDOS,https://cdn.dsmcdn.com/ty531/product/media/images/20220914/17/175217384/569223671/1/1_org_zoom.jpg
266,HP,250 G8 5N2Y4ES,15.6,8GB,I5 1135G7,512GB,FREEDOS,https://cdn.dsmcdn.com/ty506/product/media/images/20220811/21/158059417/541828854/1/1_org_zoom.jpg
267,HP,PAVILION 15-EC2057NT 68N72EA,15.6,8GB,R5 5600H,512GB,FREEDOS,https://cdn.dsmcdn.com/ty410/product/media/images/20220425/16/97403926/447159873/1/1_org_zoom.jpg
268,HP,ELITEBOOK 840 G8 336D6EA01,14,16GB,I7 1165G7,1TB,W10P,https://cdn.dsmcdn.com/ty483/product/media/images/20220720/15/146762235/524575897/1/1_org_zoom.jpg
269,HP,PROBOOK 450 G8 32M62EA,15.6,4GB,I3 1115G4,256GB,FREEDOS,https://productimages.hepsiburada.net/s/131/1500/110000081497102.jpg
270,HP,15S-FQ2046NT 2N2Q9EA,15.6,4GB,I3 1115G4,256GB,FREEDOS,https://cdn.dsmcdn.com/ty147/product/media/images/20210717/1/111393397/204864568/1/1_org_zoom.jpg
271,HP,250 G8 34N99ESA4,15.6,16GB,I7 1165G7,512GB,FREEDOS,https://cdn.dsmcdn.com/ty227/product/media/images/20211105/12/166147934/288969439/1/1_org_zoom.jpg
272,HP,ELITEBOOK 850 G8 401F0EA,15.6,16GB,I7 1165G7,512GB,FREEDOS,https://cdn.dsmcdn.com/ty499/product/media/images/20220804/13/154556014/535620919/1/1_org_zoom.jpg
273,HP,255 G8 4P3M3ES04,15.6,16GB,R7 5700U,512GB,W10,https://cdn.dsmcdn.com/ty322/product/media/images/20220205/10/44798848/380979742/1/1_org_zoom.jpg
274,HP,PROOBOK 440 G9 6S6W2EA28,14,64GB,I7 1255U,1TB,W11P,https://cdn.dsmcdn.com/ty546/product/media/images/20221001/17/183282861/585229128/1/1_org_zoom.jpg
275,HP,PROOBOK 450 G9 6S6X1EA29,15.6,64GB,I7 1255U,2TB,W11P,https://cdn.dsmcdn.com/ty547/product/media/images/20221003/12/184542027/586955324/1/1_org_zoom.jpg
276,HP,PAVILION 15-DK207NT 54T32EA,15.6,8GB,I5 11300H,512GB,FREEDOS,https://cdn.dsmcdn.com/ty446/product/media/images/20220601/19/119590555/492041713/1/1_org_zoom.jpg
277,HP,15-DW4010NTA4 6Y7Z9EAA4,15.6,16GB,I5 1235U,512GB,FREEDOS,https://cdn.dsmcdn.com/ty541/product/media/images/20220926/22/180132324/579634798/1/1_org_zoom.jpg
278,HP,15-DW4010NT 6Y7Z9EAC14,15.6,16GB,I5 1235U,512GB,W10P,https://cdn.dsmcdn.com/ty541/product/media/images/20220925/20/179740181/578595499/1/1_org_zoom.jpg
279,HP,OMEN 15-EK1012NT 4H0J0EA,15.6,16GB,I7 10870H,512GB,FREEDOS,https://cdn.dsmcdn.com/ty342/product/media/images/20220228/21/60191962/399830501/1/1_org_zoom.jpg
280,HP,PROBOOK 450 G9 6A180EA,15.6,16GB,I7 1255U,512GB,W11P,https://cdn.dsmcdn.com/ty542/product/media/images/20220928/11/180740952/581623726/1/1_org_zoom.jpg
281,HP,250 G8 34N99ESA25,15.6,32GB,I7 1165G7,1TB,W10P,https://productimages.hepsiburada.net/s/131/500/110000081587321.jpg
282,HP,14S-FQ1014NT 4H0V4EA,14,8GB,R5 5500U,256GB,W10,https://productimages.hepsiburada.net/s/151/1500/110000106860209.jpg
283,HP,14S-FQ1012NT 4H0V3EA,14,8GB,R5 5500U,256GB,W10,https://cdn.dsmcdn.com/ty252/product/media/images/20211123/18/1057496/320623123/1/1_org_zoom.jpg
284,HP,15S-EQ3014NT 68N46EA,15.6,8GB,R5 5625U,256GB,FREEDOS,https://cdn.dsmcdn.com/ty544/product/media/images/20220930/18/181894022/583865782/1/1_org_zoom.jpg
285,HP,255 G9 6Q8N1ES,15.6,8GB,R5 5625U,256GB,FREEDOS,https://cdn.dsmcdn.com/ty532/product/media/images/20220912/18/174534496/568285518/1/1_org_zoom.jpg
286,HP,250 G8 5N2Y4ES02,15.6,16GB,I5 1135G7,512GB,FREEDOS,https://cdn.dsmcdn.com/ty515/product/media/images/20220822/10/163731578/549123648/1/1_org_zoom.jpg
287,HP,250 G8 5N2Y5ES04,15.6,16GB,I5 1135G7,512GB,FREEDOS,https://cdn.dsmcdn.com/ty455/product/media/images/20220613/13/125251747/499404165/1/1_org_zoom.jpg
288,HP,OMEN 16-C0053NT 68P69EA,16.1,16GB,R7 5800H,512GB,W11,https://cdn.dsmcdn.com/ty460/product/media/images/20220624/10/129443302/505787827/1/1_org_zoom.jpg
289,HP,VICTUS 16-E1004NT 68S20EA,16.1,16GB,R7 6800H,512GB,FREEDOS,https://cdn.dsmcdn.com/ty531/product/media/images/20220915/11/175444067/569524192/1/1_org_zoom.jpg
290,HP,PROOBOK 450 G9 6S748EA24,15.6,32GB,I7 1255U,1TB,W11P,https://cdn.dsmcdn.com/ty546/product/media/images/20221001/17/183283139/585229323/1/1_org_zoom.jpg
291,HP,240 G9 6Q8L8ES,14,8GB,I5 1235U,256GB,FREEDOS,https://cdn.dsmcdn.com/ty535/product/media/images/20220919/14/176952715/573320372/1/1_org_zoom.jpg
292,HP,250 G9 6Q8N9ES,15.6,8GB,I5 1235U,256GB,FREEDOS,https://cdn.dsmcdn.com/ty532/product/media/images/20220912/16/174469897/568223368/1/1_org_zoom.jpg
293,HP,255 G8 27K40EA,15.6,8GB,R5 3500U,256GB,FREEDOS,https://productimages.hepsiburada.net/s/77/500/110000019201366.jpg
294,HP,ENVY 13-BA1002NT 4H0T9EA,13.3,8GB,I5 1135G7,512GB,W10,https://cdn.dsmcdn.com/ty309/product/media/images/20220127/20/37757309/373667096/1/1_org_zoom.jpg
295,HP,840 G8 2M5U1ES,14,8GB,I7 1165G7,512GB,FREEDOS,https://productimages.hepsiburada.net/s/67/1500/110000009145755.jpg
296,HP,255 G8,15.6,8GB,R5 5500U,512GB,W10,https://cdn.dsmcdn.com/ty401/product/media/images/20220414/13/91590462/448913881/1/1_org_zoom.jpg
297,HP,OMEN 15-EK1000NT 39C40EA,15.6,16GB,I7 10870H,512GB,W10,https://cdn.dsmcdn.com/ty171/product/media/images/20210909/10/127891830/239365035/1/1_org_zoom.jpg
298,HP,ELITEBOOK 860 G9 6F5W9EA,16,16GB,I7 1255U,512GB,W11P,https://cdn.dsmcdn.com/ty562/product/media/images/20221014/9/193199645/596035500/1/1_org_zoom.jpg
299,HP,ZBOOK FURY 17 G8 4A6B2EA,17.3,32GB,I9 11950H,1TB,W10P,https://cdn.dsmcdn.com/ty283/product/media/images/20211231/12/19559352/348972106/1/1_org_zoom.jpg
300,HP,250 G8 5N2Y4ES04,15.6,32GB,I5 1135G7,512GB,FREEDOS,https://cdn.dsmcdn.com/ty514/product/media/images/20220822/10/163731624/549124459/1/1_org_zoom.jpg
301,HP,250 34N69ES,15.6,4GB,I3 1115G4,256GB,W10,https://cdn.dsmcdn.com/ty259/product/media/images/20211130/10/1855843/326083248/1/1_org_zoom.jpg
302,HP,PROBOOK 430 G8 4P3R0ES11,13.3,64GB,I7 1165G7,1TB,W10P,https://cdn.dsmcdn.com/ty485/product/media/images/20220720/14/146753528/524558928/1/1_org_zoom.jpg
303,HP,14S-DQ2006NT G7 4G6A5EA,14,8GB,I5 1135G7,256GB,FREEDOS,https://cdn.dsmcdn.com/ty176/product/media/images/20210916/11/130998966/243126981/1/1_org_zoom.jpg
304,HP,PROBOOK 440 G9 5Y3Z1EA,14,8GB,I5 1235U,256GB,W11P,https://cdn.dsmcdn.com/ty558/product/media/images/20221010/19/190580171/593148903/1/1_org_zoom.jpg
305,HP,255 G7 255F6ES-S8,15.6,8GB,R3 3200U,256GB,W10,https://productimages.hepsiburada.net/s/76/500/110000017623626.jpg
306,HP,255 G9 6Q8N2ES,15.6,8GB,R5 5625U,512GB,FREEDOS,https://cdn.dsmcdn.com/ty534/product/media/images/20220916/14/176087131/570433742/1/1_org_zoom.jpg
307,HP,ENVY X360 CONVERT 13-AY0007NT 4H0N8EA,13.3,8GB,R7 4700U,512GB,W10,https://cdn.dsmcdn.com/ty139/product/media/images/20210702/18/106674185/196534144/0/0_org_zoom.jpg
308,LENOVO,THINKPAD T15 G2 20W4S0B3TX004,15.6,16GB,I7 1165G7,512GB,FREEDOS,https://cdn.dsmcdn.com/ty537/product/media/images/20220923/15/178831020/575764922/1/1_org_zoom.jpg
309,LENOVO,THINKPAD E15 G2 20TDS02VTX004,15.6,16GB,I7 1165G7,512GB,FREEDOS,https://cdn.dsmcdn.com/ty106/product/media/images/20210427/9/83228962/167835614/1/1_org_zoom.jpg
310,LENOVO,THINKPAD E15 G2 20TDS08K00,15.6,16GB,I7 1165G7,512GB,FREEDOS,https://cdn.dsmcdn.com/ty518/product/media/images/20220826/11/165939661/552947469/1/1_org_zoom.jpg
311,LENOVO,V15 82KB00CDTX,15.6,16GB,I7 1165G7,512GB,FREEDOS,https://cdn.dsmcdn.com/ty446/product/media/images/20220601/16/119455168/491883765/1/1_org_zoom.jpg
312,LENOVO,V15 G2 82KB00CBTX06,15.6,16GB,I7 1165G7,512GB,FREEDOS,https://cdn.dsmcdn.com/ty483/product/media/images/20220720/14/146749844/524552797/1/1_org_zoom.jpg
313,LENOVO,THINKPAD E15 G2 20TDS02VTX008,15.6,32GB,I7 1165G7,1TB,FREEDOS,https://cdn.dsmcdn.com/ty107/product/media/images/20210427/9/83229971/167835558/1/1_org_zoom.jpg
314,LENOVO,THINKPAD E15 G2 20TD004HTX047,15.6,16GB,I7 1165G7,512GB,W11P,https://cdn.dsmcdn.com/ty443/product/media/images/20220531/3/118519033/490798306/1/1_org_zoom.jpg
315,LENOVO,THINKPAD T15 G2 20W4S0B3TX051,15.6,16GB,I7 1165G7,512GB,W11P,https://cdn.dsmcdn.com/ty539/product/media/images/20220923/15/178826760/575757360/1/1_org_zoom.jpg
316,LENOVO,THINKPAD T15 G2 20W4S0B3TX018,15.6,16GB,I7 1165G7,512GB,W10P,https://cdn.dsmcdn.com/ty537/product/media/images/20220923/16/178835691/575774806/1/1_org_zoom.jpg
317,LENOVO,THINKPAD T15 G2 20W4S0B3TX009,15.6,16GB,I7 1165G7,1TB,FREEDOS,https://cdn.dsmcdn.com/ty537/product/media/images/20220923/15/178834369/575772151/1/1_org_zoom.jpg
318,LENOVO,THINKPAD E15 G2 20TDS02VTX026,15.6,32GB,I7 1165G7,1TB,W10P,https://cdn.dsmcdn.com/ty107/product/media/images/20210427/12/83273584/167894739/1/1_org_zoom.jpg
319,LENOVO,THINKPAD T15 G2 20W4S0B3TX026,15.6,32GB,I7 1165G7,1TB,W10P,https://cdn.dsmcdn.com/ty537/product/media/images/20220923/15/178828293/575759914/1/1_org_zoom.jpg
320,LENOVO,THINKPAD T15 G2 20W4S0B3TX023,15.6,32GB,I7 1165G7,512GB,W10P,https://cdn.dsmcdn.com/ty537/product/media/images/20220923/15/178830954/575764709/1/1_org_zoom.jpg
321,LENOVO,V14 G2 82KA00ECTX,14,8GB,I5 1135G7,256GB,FREEDOS,https://cdn.dsmcdn.com/ty458/product/media/images/20220617/13/126671699/415709735/1/1_org_zoom.jpg
322,LENOVO,V15 G2 82KB00CATX012,15.6,16GB,I5 1135G7,512GB,FREEDOS,https://cdn.dsmcdn.com/ty502/product/media/images/20220810/17/157574901/540784080/1/1_org_zoom.jpg
323,LENOVO,V15 G2 ALC 82KD0045TX,15.6,16GB,R7 5700U,512GB,FREEDOS,https://cdn.dsmcdn.com/ty549/product/media/images/20221003/15/184869232/587374953/1/1_org_zoom.jpg
324,LENOVO,THINKBOOK 15 G3 ACL 21A40037TX01,15.6,16GB,R7 5700U,512GB,FREEDOS,https://cdn.dsmcdn.com/ty485/product/media/images/20220719/17/145839897/524197709/1/1_org_zoom.jpg
325,LENOVO,THINKBOOK 15 G3 21A40036TX,15.6,16GB,R7 5700U,512GB,FREEDOS,https://cdn.dsmcdn.com/ty282/product/media/images/20211231/15/19675273/349133863/1/1_org_zoom.jpg
326,LENOVO,IDEAPAD 3 82KU00VNTX,15.6,8GB,R7 5700U,512GB,FREEDOS,https://cdn.dsmcdn.com/ty515/product/media/images/20220822/9/163703819/549051367/1/1_org_zoom.jpg
327,LENOVO,THINKPAD E14 G2 20TA0054TX,14,8GB,I5 1135G7,256GB,FREEDOS,https://cdn.dsmcdn.com/ty140/product/media/images/20210701/17/106181169/195952189/1/1_org_zoom.jpg
328,LENOVO,V14 G2 82KA0025TX,14,8GB,I5 1135G7,256GB,FREEDOS,https://cdn.dsmcdn.com/ty532/product/media/images/20220913/12/174803538/234809812/1/1_org_zoom.jpg
329,LENOVO,THINKPAD E15 G2 20TD004KTX012,15.6,32GB,I7 1165G7,512GB,FREEDOS,https://cdn.dsmcdn.com/ty66/product/media/images/20210208/20/61136766/139109660/1/1_org_zoom.jpg
330,LENOVO,THINKPAD T15 G2 20W4S0B3TX006,15.6,32GB,I7 1165G7,512GB,FREEDOS,https://cdn.dsmcdn.com/ty538/product/media/images/20220923/16/178837981/575779657/1/1_org_zoom.jpg
331,LENOVO,THINKPAD T15 G2 20W4S0B3TX038,15.6,32GB,I7 1165G7,512GB,W11,https://cdn.dsmcdn.com/ty537/product/media/images/20220923/15/178826969/575757613/1/1_org_zoom.jpg
332,LENOVO,THINKPAD E14 G2 20TAS0CX00,14,16GB,I7 1165G7,512GB,FREEDOS,https://productimages.hepsiburada.net/s/289/500/110000278092927.jpg
333,LENOVO,THINKPAD T15 G2 20W4S0B3TX056,15.6,32GB,I7 1165G7,1TB,W11P,https://cdn.dsmcdn.com/ty539/product/media/images/20220923/15/178827959/575759110/1/1_org_zoom.jpg
334,LENOVO,THINKPAD E14 G2 20TA00JXTX,14,16GB,I7 1165G7,512GB,W11P,https://cdn.dsmcdn.com/ty542/product/media/images/20220927/16/180354249/581024900/1/1_org_zoom.jpg
335,LENOVO,THINKPAD T15 G2 20W4S0B3TX054,15.6,16GB,I7 1165G7,1TB,W11P,https://cdn.dsmcdn.com/ty540/product/media/images/20220926/13/179975893/578962488/1/1_org_zoom.jpg
336,LENOVO,V15 G2 82KB00HWTX,15.6,8GB,I5 1135G7,512GB,FREEDOS,https://cdn.dsmcdn.com/ty459/product/media/images/20220622/18/129030153/505146995/1/1_org_zoom.jpg
337,LENOVO,V15 G2 82KB00CATX,15.6,8GB,I5 1135G7,512GB,FREEDOS,https://cdn.dsmcdn.com/ty481/product/media/images/20220718/18/143995745/523637885/1/1_org_zoom.jpg
338,LENOVO,THINKPAD L15 G2 20X300GHTX,15.6,8GB,I5 1135G7,256GB,FREEDOS,https://productimages.hepsiburada.net/s/205/500/110000180661193.jpg
339,LENOVO,THINKPAD E15 G2 20TD004GTX,15.6,8GB,I5 1135G7,256GB,FREEDOS,https://cdn.dsmcdn.com/ty180/product/media/images/20210922/10/135167232/248229021/1/1_org_zoom.jpg
340,LENOVO,THINKPAD E14 G2 20TA0056TX041,14,32GB,I7 1165G7,1TB,W10P,https://cdn.dsmcdn.com/ty148/product/media/images/20210717/13/111461963/205718205/1/1_org_zoom.jpg
341,LENOVO,THINKPAD E14 G2 20TAS0CXTA32,14,16GB,I7 1165G7,1TB,W10P,https://cdn.dsmcdn.com/ty538/product/media/images/20220920/17/177504378/574043758/1/1_org_zoom.jpg
342,LENOVO,THINKPAD E14 G2 20TBS44CTX018,14,16GB,I7 1165G7,1TB,W10P,https://cdn.dsmcdn.com/ty323/product/media/images/20220204/20/44297206/356576086/1/1_org_zoom.jpg
343,LENOVO,THINKPAD T14 G2 20WM0AEHTX054,14,16GB,I7 1165G7,1TB,W11P,https://cdn.dsmcdn.com/ty538/product/media/images/20220924/15/179220652/576434018/1/1_org_zoom.jpg
344,LENOVO,YOGA 7 82BJ00DMTX,15.6,16GB,I7 1165G7,512GB,W11,https://productimages.hepsiburada.net/s/286/1500/110000275338848.jpg
345,LENOVO,THINKPAD T15 G2 20W4S0B3TX045,15.6,16GB,I7 1165G7,256GB,W11P,https://cdn.dsmcdn.com/ty540/product/media/images/20220926/14/180007809/579010092/1/1_org_zoom.jpg
346,LENOVO,THINKPAD E14 G2 20TA0053TX25,14,16GB,I7 1165G7,256GB,W10P,https://cdn.dsmcdn.com/ty160/product/media/images/20210819/13/120021790/229553202/1/1_org_zoom.jpg
347,LENOVO,V14 G2 82KA00ECTX005,14,16GB,I5 1135G7,256GB,FREEDOS,https://cdn.dsmcdn.com/ty450/product/media/images/20220609/11/123364220/494099081/1/1_org_zoom.jpg
348,LENOVO,THINKPAD E14 G2 20TA004YTX,14,16GB,I5 1135G7,256GB,FREEDOS,https://productimages.hepsiburada.net/s/207/500/110000183779701.jpg
349,LENOVO,IDEAPAD L3 82HL009HTX,15.6,8GB,I7 1165G7,512GB,FREEDOS,https://productimages.hepsiburada.net/s/196/500/110000164452442.jpg
350,LENOVO,THINKPAD E14 G2 20TDR2ABX45,14,32GB,I7 1165G7,1TB,W11P,https://cdn.dsmcdn.com/ty505/product/media/images/20220811/16/157933178/541485885/1/1_org_zoom.jpg
351,LENOVO,THINKPAD T15 G2 20W4S0B3TX015,15.6,16GB,I7 1165G7,256GB,W10P,https://cdn.dsmcdn.com/ty539/product/media/images/20220923/15/178830936/575764678/1/1_org_zoom.jpg
352,LENOVO,THINKPAD E14 G2 20TA0050TX019,14,16GB,I7 1165G7,1TB,W10,https://cdn.dsmcdn.com/ty162/product/media/images/20210823/11/121502200/231903970/0/0_org_zoom.jpg
353,LENOVO,THINKPAD E14 G2 20TAS0CXTA11,14,16GB,I7 1165G7,2TB,FREEDOS,https://cdn.dsmcdn.com/ty539/product/media/images/20220921/13/177967007/574641972/1/1_org_zoom.jpg
354,LENOVO,THINKPAD T15 G2 20W4S0B3TX012,15.6,16GB,I7 1165G7,2TB,FREEDOS,https://cdn.dsmcdn.com/ty539/product/media/images/20220923/15/178827844/575758822/1/1_org_zoom.jpg
355,LENOVO,THINKPAD E14 G2 20TA0054TX004,14,16GB,I5 1135G7,512GB,FREEDOS,https://cdn.dsmcdn.com/ty138/product/media/images/20210702/10/106348960/196116691/1/1_org_zoom.jpg
356,LENOVO,V14 G2 82KA00ECTX041,14,16GB,I5 1135G7,512GB,W11,https://cdn.dsmcdn.com/ty450/product/media/images/20220609/11/123364200/494092218/1/1_org_zoom.jpg
357,LENOVO,IDEAPAD FLEX5 82HS00MVTX,14,16GB,I5 1135G7,512GB,W11,https://cdn.dsmcdn.com/ty489/product/media/images/20220724/21/149294286/528034072/1/1_org_zoom.jpg
358,LENOVO,THINKPAD E14 G2 20TAS0CXTA36,14,32GB,I7 1165G7,2TB,W10P,https://cdn.dsmcdn.com/ty541/product/media/images/20220927/17/180359366/581069780/1/1_org_zoom.jpg
359,LENOVO,FLEX 5 82HS00JXTX,14,4GB,I3 1115G4,256GB,W11,https://cdn.dsmcdn.com/ty540/product/media/images/20220927/17/180366708/581091106/1/1_org_zoom.jpg
360,LENOVO,THINKPAD P15 20YQ001NTX07,15.6,64GB,I7 11800H,1TB,W10P,https://cdn.dsmcdn.com/ty527/product/media/images/20220910/14/171552725/562159220/1/1_org_zoom.jpg
361,LENOVO,THINKPAD P17 G2 20YU0022TX02,17.3,64GB,I7 11800H,1TB,W10P,https://cdn.dsmcdn.com/ty371/product/media/images/20220323/16/75083527/424181553/1/1_org_zoom.jpg
362,LENOVO,THINKPAD P17 G2 20YU0022TX05,17.3,64GB,I7 11800H,1TB,W10P,https://cdn.dsmcdn.com/ty370/product/media/images/20220323/16/75083956/424182710/1/1_org_zoom.jpg
363,LENOVO,82HS00NSTX IDEAPAD FLEX 5,14,8GB,I5 1135G7,256GB,W10,https://cdn.dsmcdn.com/ty435/product/media/images/20220519/10/113459053/482490701/1/1_org_zoom.jpg
364,LENOVO,THINKPAD T15 G2 20W4S0B3TX001,15.6,16GB,I7 1165G7,256GB,FREEDOS,https://cdn.dsmcdn.com/ty538/product/media/images/20220923/15/178830510/575763751/1/1_org_zoom.jpg
365,LENOVO,THINKPAD X1 CARBON G9 20XWS09XCG2,14,16GB,I7 1165G7,2TB,W10P,https://cdn.dsmcdn.com/ty226/product/media/images/20211105/12/166134005/288949589/1/1_org_zoom.jpg
366,LENOVO,THINKPAD E14 G2 20TAS0CXTA35,14,16GB,I7 1165G7,2TB,W10P,https://cdn.dsmcdn.com/ty537/product/media/images/20220920/17/177504956/574045105/1/1_org_zoom.jpg
367,LENOVO,THINKPAD E15 G2 20TD004HTX48,15.6,32GB,I7 1165G7,2TB,W11P,https://cdn.dsmcdn.com/ty504/product/media/images/20220812/16/158577545/542458064/1/1_org_zoom.jpg
368,LENOVO,YOGA 7 82BH00AGTX01,14,8GB,I7 1165G7,1TB,W10,https://cdn.dsmcdn.com/ty461/product/media/images/20220623/17/129278211/505518665/1/1_org_zoom.jpg
369,LENOVO,IDEAPAD 3,15.6,8GB,I3 1115G4,256GB,W11,https://cdn.dsmcdn.com/ty561/product/media/images/20221014/17/193533662/596440010/1/1_org_zoom.jpg
370,LENOVO,IDEAPAD 3 82H80144TX,15.6,8GB,I5 1135G7,256GB,W10,https://cdn.dsmcdn.com/ty509/product/media/images/20220816/9/160667993/545018194/1/1_org_zoom.jpg
371,LENOVO,V15 G2 82KB000RTX,15.6,8GB,I5 1135G7,256GB,W10,https://cdn.dsmcdn.com/ty353/product/media/images/20220307/16/64134681/334520358/2/2_org_zoom.jpg
372,LENOVO,IDEAPAD 3 15ITL6 82H802C5TX,15.6,8GB,I5 1135G7,512GB,W11,https://cdn.dsmcdn.com/ty544/product/media/images/20220930/18/181891489/583866498/1/1_org_zoom.jpg
373,LENOVO,IDEAPAD 82H801GJTX,15.6,8GB,I5 1135G7,512GB,W11,https://cdn.dsmcdn.com/ty497/product/media/images/20220802/14/153584121/533371736/1/1_org_zoom.jpg
374,LENOVO,YOGA 7 82BH00AGTX,14,8GB,I7 1165G7,512GB,W10,https://cdn.dsmcdn.com/ty460/product/media/images/20220623/16/129272084/505510064/1/1_org_zoom.jpg
375,LENOVO,V15 ALC G2 82KD0042TX04,15.6,16GB,R5 5500U,512GB,FREEDOS,https://cdn.dsmcdn.com/ty513/product/media/images/20220823/17/164498618/550827145/1/1_org_zoom.jpg
376,LENOVO,THINKPAD E14 G3 20Y7004ETX,14,16GB,R7 5700U,512GB,FREEDOS,https://productimages.hepsiburada.net/s/127/500/110000077043631.jpg
377,LENOVO,THINKPAD E14 G2 20TAS0CXTA12,14,32GB,I7 1165G7,2TB,FREEDOS,https://cdn.dsmcdn.com/ty538/product/media/images/20220920/17/177505367/574045613/1/1_org_zoom.jpg
378,LENOVO,THINKPAD E14 20Y7S04100,14,8GB,R5 5500U,256GB,FREEDOS,https://cdn.dsmcdn.com/ty482/product/media/images/20220718/15/143856303/523489096/1/1_org_zoom.jpg
379,LENOVO,THINKPAD E14 G2 20TA0054TX003,14,16GB,I5 1135G7,256GB,FREEDOS,https://cdn.dsmcdn.com/ty142/product/media/images/20210709/17/108726658/200072517/1/1_org_zoom.jpg
380,LENOVO,THINKPAD E14 G3 20Y7004FTX,14,8GB,R5 5500U,256GB,FREEDOS,https://cdn.dsmcdn.com/ty537/product/media/images/20220923/17/178884453/251360828/1/1_org_zoom.jpg
381,LENOVO,THINKPAD E15 G3 20YG0046TX,15.6,8GB,R5 5500U,256GB,FREEDOS,https://productimages.hepsiburada.net/s/218/500/110000196762561.jpg
382,LENOVO,THINKPAD E15 V14 G2 82KA006XTX,14,8GB,I5 1135G7,512GB,FREEDOS,https://cdn.dsmcdn.com/ty165/product/media/images/20210826/12/122679917/233368499/1/1_org_zoom.jpg
383,LENOVO,IDEAPAD G3 82K100CWTX03,15.6,16GB,I5 11300H,512GB,FREEDOS,https://cdn.dsmcdn.com/ty417/product/media/images/20220506/14/103080033/467675605/1/1_org_zoom.jpg
384,LENOVO,IDEAPAD G3 82K100CSTX,15.6,16GB,I5 11300H,512GB,FREEDOS,https://cdn.dsmcdn.com/ty542/product/media/images/20220927/13/180285557/380819768/2/2_org_zoom.jpg
385,LENOVO,THINKPAD E15 G2 20TD004CTX,15.6,16GB,I5 1135G7,512GB,W10P,https://cdn.dsmcdn.com/ty554/product/media/images/20221006/15/187670838/590627662/1/1_org_zoom.jpg
386,LENOVO,IDEAPAD 3 82H80253TX,15.6,4GB,I3 1115G4,256GB,W11,https://cdn.dsmcdn.com/ty496/product/media/images/20220802/10/153467173/533590200/1/1_org_zoom.jpg
387,LENOVO,V15 G2 ALC 82KD0041TX,15.6,8GB,R3 5300U,256GB,FREEDOS,https://cdn.dsmcdn.com/ty533/product/media/images/20220915/12/175464075/569546622/1/1_org_zoom.jpg
388,LENOVO,THINKBOOK 15 G3 21A4009UTX,15.6,8GB,R5 5500U,512GB,FREEDOS,https://cdn.dsmcdn.com/ty280/product/media/images/20211227/16/17119189/345747231/1/1_org_zoom.jpg
389,LENOVO,IDEAPAD G3 82K200JXTX,15.6,16GB,R7 5800H,512GB,FREEDOS,https://cdn.dsmcdn.com/ty456/product/media/images/20220617/17/126852686/502064662/1/1_org_zoom.jpg
390,LENOVO,IDEAPAD G3 82K200JWTX,15.6,16GB,R7 5800H,512GB,FREEDOS,https://cdn.dsmcdn.com/ty552/product/media/images/20221006/16/187692164/380444698/1/1_org_zoom.jpg
391,LENOVO,THINKPAD T15 G2 20W4S0B3TX005,15.6,24GB,I7 1165G7,512GB,FREEDOS,https://cdn.dsmcdn.com/ty537/product/media/images/20220923/16/178857792/575814113/1/1_org_zoom.jpg
392,LENOVO,THINKPAD T15 G2 20W4S0B3TX007,15.6,24GB,I7 1165G7,512GB,FREEDOS,https://cdn.dsmcdn.com/ty537/product/media/images/20220923/15/178834370/575772155/1/1_org_zoom.jpg
393,LENOVO,V14 G2 ITL 82KA00ECTX019,14,12GB,I5 1135G7,256GB,W10P,https://productimages.hepsiburada.net/s/241/500/110000225450604.jpg
394,LENOVO,V14 82KC000QTX06,14,12GB,R3 5300U,256GB,FREEDOS,https://cdn.dsmcdn.com/ty468/product/media/images/20220707/13/136514259/515989100/1/1_org_zoom.jpg
395,LENOVO,IDEAPAD 5 82FE00AYTX,14,16GB,I7 1165G7,1TB,FREEDOS,https://cdn.dsmcdn.com/ty398/product/media/images/20220413/16/90315754/447320363/1/1_org_zoom.jpg
396,LENOVO,V14 82KC0005TX05,14,12GB,R3 5300U,256GB,FREEDOS,https://cdn.dsmcdn.com/ty307/product/media/images/20220125/18/35884251/370822834/1/1_org_zoom.jpg
397,LENOVO,IDEAPAD G3 82K200T4TX,15.6,16GB,R5 5600H,1TB,FREEDOS,https://productimages.hepsiburada.net/s/218/500/110000197381607.jpg
398,LENOVO,THINKPAD E15 G3 20YGS04400Z36,15.6,16GB,R7 5700U,512GB,W10P,https://productimages.hepsiburada.net/s/282/500/110000269967286.jpg
399,LENOVO,THINKBOOK 15 G3 ACL 21A40037TX12,15.6,16GB,R7 5700U,512GB,W11P,https://cdn.dsmcdn.com/ty483/product/media/images/20220719/18/145865610/524182717/1/1_org_zoom.jpg
400,LENOVO,THINKPAD E15 G3 20YGS04400Z62,15.6,16GB,R7 5700U,512GB,W11P,https://cdn.dsmcdn.com/ty540/product/media/images/20220926/12/179956340/578910404/1/1_org_zoom.jpg
401,LENOVO,THINKPAD T15 G2 20W4S0B3TX049,15.6,24GB,I7 1165G7,512GB,W11P,https://cdn.dsmcdn.com/ty538/product/media/images/20220923/15/178827871/575758852/1/1_org_zoom.jpg
402,LENOVO,THINKPAD T15 G2 20W4S0B3TX052,15.6,24GB,I7 1165G7,512GB,W11P,https://cdn.dsmcdn.com/ty538/product/media/images/20220923/15/178830575/575763894/1/1_org_zoom.jpg
403,LENOVO,V14 G2 ITL 82KA00ECTX042,14,8GB,I5 1135G7,1TB,W11,https://productimages.hepsiburada.net/s/241/500/110000225450604.jpg
404,LENOVO,YOGA 7 14ITL5 82BH00DHTX01,14,8GB,I5 1135G7,1TB,W11,https://cdn.dsmcdn.com/ty496/product/media/images/20220801/15/153089795/533168174/1/1_org_zoom.jpg
405,LENOVO,V15 82KB0005TXX,15.6,8GB,I3 1115G4,256GB,FREEDOS,https://cdn.dsmcdn.com/ty465/product/media/images/20220701/11/133358489/511034207/1/1_org_zoom.jpg
406,LENOVO,IDEAPAD 3 81WB01EJTX,15.6,8GB,I5 10210U,256GB,W11,https://cdn.dsmcdn.com/ty522/product/media/images/20220907/12/170048095/560486631/1/1_org_zoom.jpg
407,LENOVO,THINKPAD E14 G2 20TAS0CXTA10,14,8GB,I7 1165G7,2TB,FREEDOS,https://cdn.dsmcdn.com/ty538/product/media/images/20220920/17/177504702/574045097/1/1_org_zoom.jpg
408,LENOVO,L3 15IML05 81Y300MDTX,15.6,8GB,I5 10210U,512GB,FREEDOS,https://cdn.dsmcdn.com/ty498/product/media/images/20220805/17/155073910/536369060/1/1_org_zoom.jpg
409,LENOVO,IDEAPAD 3 81WB01EHTX,15.6,8GB,I5 10210U,512GB,W11,https://cdn.dsmcdn.com/ty534/product/media/images/20220915/19/175638472/569927650/1/1_org_zoom.jpg
410,LENOVO,V15 82C500R2TX01,15.6,8GB,I5 1035G1,512GB,FREEDOS,https://cdn.dsmcdn.com/ty277/product/media/images/20211224/13/15895327/344324177/1/1_org_zoom.jpg
411,LENOVO,IDEAPAD 3 81W1005RTX,15.6,8GB,R7 3700U,512GB,W10,https://cdn.dsmcdn.com/ty67/product/media/images/20210208/12/61014497/138985904/1/1_org_zoom.jpg
412,LENOVO,V17-IIL 82GX007VTX,17.3,12GB,I7 1065G7,512GB,FREEDOS,https://cdn.dsmcdn.com/ty67/product/media/images/20210316/11/72011414/152979637/1/1_org_zoom.jpg
413,LENOVO,V14 G2 ALC 82KC0005TX06,14,12GB,R3 5300U,512GB,FREEDOS,https://cdn.dsmcdn.com/ty306/product/media/images/20220125/19/35905053/370845838/1/1_org_zoom.jpg
414,LENOVO,THINKPAD T14 G3 21AH00CSTX050,14,16GB,I7 1255U,1TB,W11P,https://cdn.dsmcdn.com/ty552/product/media/images/20221007/9/187909123/590999845/1/1_org_zoom.jpg
415,LENOVO,IDEAPAD G3 15IHU6 82K100CMTX,15.6,16GB,I7 11370H,512GB,FREEDOS,https://cdn.dsmcdn.com/ty440/product/media/images/20220524/9/115551081/486512581/1/1_org_zoom.jpg
416,LENOVO,LEGION 5 82JH002JTX03,15.6,16GB,I7 11600H,512GB,FREEDOS,https://cdn.dsmcdn.com/ty347/product/media/images/20220302/11/61210848/401409207/1/1_org_zoom.jpg
417,LENOVO,THINKPAD T14 G3 21AH00CSTX025,14,16GB,I7 1255U,512GB,W11,https://cdn.dsmcdn.com/ty541/product/media/images/20220928/12/180758822/581662517/1/1_org_zoom.jpg
418,LENOVO,THINKPAD T15 G2 20W4S0B3TX037,15.6,24GB,I7 1165G7,512GB,W11,https://cdn.dsmcdn.com/ty539/product/media/images/20220923/15/178827045/575757696/1/1_org_zoom.jpg
419,LENOVO,THINKPAD T14 G3 21AH00CSTX013,14,32GB,I7 1255U,1TB,FREEDOS,https://cdn.dsmcdn.com/ty540/product/media/images/20220928/11/180733015/581582513/1/1_org_zoom.jpg
420,LENOVO,THINKPAD T14 G3 21AH00CSTX028,14,32GB,I7 1255U,512GB,W11,https://cdn.dsmcdn.com/ty552/product/media/images/20221007/10/187911809/591003249/1/1_org_zoom.jpg
421,LENOVO,THINKPAD T14 G3 21AH00CSTX048,14,32GB,I7 1255U,512GB,W11P,https://cdn.dsmcdn.com/ty557/product/media/images/20221010/13/190346104/592841716/1/1_org_zoom.jpg
422,LENOVO,THINKBOOK 14 G2 20VD0045TX31,14,40GB,I7 1165G7,1TB,W11P,https://cdn.dsmcdn.com/ty485/product/media/images/20220720/15/146758766/524569606/1/1_org_zoom.jpg
423,LENOVO,V17 G2 ITL 82NX00ECTX081,17.3,40GB,I7 1165G7,512GB,W11P,https://cdn.dsmcdn.com/ty363/product/media/images/20220317/18/71554903/418464401/1/1_org_zoom.jpg
424,LENOVO,IDEAPAD 3 81W1005VTX,15.6,4GB,R3 3250U,128GB,W10,https://cdn.dsmcdn.com/ty26/product/media/images/20201121/19/30087611/109752630/1/1_org_zoom.jpg
425,LENOVO,V15 82KB0005TX,15.6,4GB,I3 1115G4,256GB,FREEDOS,https://cdn.dsmcdn.com/ty467/product/media/images/20220630/17/133147236/510686987/1/1_org_zoom.jpg
426,LENOVO,IDEAPAD FLEX 5 82HS00FFTX,14,4GB,I3 1115G4,256GB,W10,https://cdn.dsmcdn.com/ty293/product/media/images/20220110/15/24462092/355700258/1/1_org_zoom.jpg
427,LENOVO,V15-ITL 82KB000STX,15.6,4GB,I5 1135G7,256GB,FREEDOS,https://cdn.dsmcdn.com/ty355/product/media/images/20220310/0/66764439/198839615/1/1_org_zoom.jpg
428,LENOVO,LEGION 5 82JH002JTX08,15.6,64GB,I7 11600H,2TB,FREEDOS,https://cdn.dsmcdn.com/ty346/product/media/images/20220302/11/61209554/401408820/1/1_org_zoom.jpg
429,LENOVO,THINKPAD E15 20RD0061TX,15.6,8GB,I5 10210U,256GB,FREEDOS,https://cdn.dsmcdn.com/ty1/product/media/images/20200330/13/698150/66998407/1/1_org_zoom.jpg
430,LENOVO,THINKBOOK 13S G2 ITL 20V9005VTX,13.3,8GB,I5 1135G7,256GB,FREEDOS,https://cdn.dsmcdn.com/ty250/product/media/images/20211118/12/44153/157910465/1/1_org_zoom.jpg
431,LENOVO,V15-IIL 82C500GDTX,15.6,8GB,I7 1065G7,256GB,FREEDOS,https://cdn.dsmcdn.com/ty6/product/media/images/20200708/9/3887655/76036993/3/3_org_zoom.jpg
432,LENOVO,V14 82KC0009TX,14,8GB,R5 5500U,256GB,W10,https://cdn.dsmcdn.com/ty128/product/media/images/20210608/9/96957328/184258949/1/1_org_zoom.jpg
433,LENOVO,YOGA 7 EVO 82BH00FUTX,14,8GB,I7 1165G7,512GB,W11,https://cdn.dsmcdn.com/ty538/product/media/images/20220920/18/177517455/574057806/1/1_org_zoom.jpg
434,LENOVO,V15 ADA 82C7005WTX,15.6,8GB,R3 3250U,512GB,W10,https://cdn.dsmcdn.com/ty139/product/media/images/20210629/21/105625249/195292393/0/0_org_zoom.jpg
435,LENOVO,V14 82KC000QTX03,14,8GB,R3 5300U,512GB,FREEDOS,https://cdn.dsmcdn.com/ty469/product/media/images/20220707/12/136509906/515980269/1/1_org_zoom.jpg
436,LENOVO,V14 G2 ALC 82KC0002TX,14,8GB,R5 5500U,512GB,W10,https://cdn.dsmcdn.com/ty250/product/media/images/20211119/9/526742/317924722/1/1_org_zoom.jpg
437,MSI,CROSSHAIR 17 B12UGZ-298XTR,17.3,16GB,I7 12700H,1TB,FREEDOS,https://cdn.dsmcdn.com/ty402/product/media/images/20220418/22/93813674/452133850/1/1_org_zoom.jpg
438,MSI,KATANA GF76 12UD-217XTR,17.3,16GB,I7 12700H,1TB,FREEDOS,https://cdn.dsmcdn.com/ty505/product/media/images/20220811/12/157835226/500934651/1/1_org_zoom.jpg
439,MSI,CROSSHAIR 15 R6E B12UGZ-414TR,15.6,32GB,I7 12700H,1TB,W11,https://cdn.dsmcdn.com/ty384/product/media/images/20220405/16/83638530/437450702/1/1_org_zoom.jpg
440,MSI,CROSSHAIR 15,15.6,32GB,I7 12700H,1TB,W11,https://cdn.dsmcdn.com/ty524/product/media/images/20220907/22/170475719/560899274/1/1_org_zoom.jpg
441,MSI,RAIDER GE66 12UGS-033TR,15.6,32GB,I7 12700H,1TB,W11,https://cdn.dsmcdn.com/ty328/product/media/images/20220211/15/48591420/382350270/1/1_org_zoom.jpg
442,MSI,STEALTH GS66 12UGS-016TR,15.6,32GB,I7 12700H,1TB,W11,https://cdn.dsmcdn.com/ty311/product/media/images/20220126/11/36399027/370729093/1/1_org_zoom.jpg
443,MSI,KATANA GF76 11UD-059XTR,17.3,16GB,I7 11800H,512GB,FREEDOS,https://cdn.dsmcdn.com/ty186/product/media/images/20211004/10/139714952/173506307/1/1_org_zoom.jpg
444,MSI,KATANA GF76 11UG-254XTR,17.3,16GB,I7 11800H,512GB,FREEDOS,https://cdn.dsmcdn.com/ty332/product/media/images/20220214/13/50130808/360235039/1/1_org_zoom.jpg
445,MSI,GF63 THIN 11SC-035XTR,15.6,8GB,I5 11400H,512GB,FREEDOS,https://cdn.dsmcdn.com/ty516/product/media/images/20220827/11/166296827/267514827/1/1_org_zoom.jpg
446,MSI,GF63 THIN 11UC-617XTR,15.6,8GB,I5 11400H,512GB,FREEDOS,https://cdn.dsmcdn.com/ty520/product/media/images/20220831/16/167375839/453064429/1/1_org_zoom.jpg
447,MSI,STEALTH GS77 12UHS-081TR,17.3,32GB,I7 12700H,2TB,W11,https://cdn.dsmcdn.com/ty370/product/media/images/20220322/20/74653893/423209761/1/1_org_zoom.jpg
448,MSI,RAIDER GE76 12UHS-022TR,17.3,32GB,I7 12700H,2TB,W11,https://cdn.dsmcdn.com/ty348/product/media/images/20220307/10/63963722/381384412/2/2_org_zoom.jpg
449,MSI,RAIDER GE76 12UHS-037TR,17.3,64GB,I9 12900HK,2TB,W11,https://cdn.dsmcdn.com/ty463/product/media/images/20220628/18/131327193/508439933/1/1_org_zoom.jpg
450,MSI,KATANA GF76 11UE-414TR,17.3,16GB,I7 11800H,1TB,W11,https://cdn.dsmcdn.com/ty309/product/media/images/20220127/17/37655797/346254521/1/1_org_zoom.jpg
451,MSI,CROSSHAIR 15 B12UGZ-476XTR,15.6,16GB,I7 12700H,1TB,FREEDOS,https://cdn.dsmcdn.com/ty386/product/media/images/20220405/15/83622563/437416031/1/1_org_zoom.jpg
452,MSI,KATANA GF76 11UC-058XTR,17.3,16GB,I7 11800H,1TB,FREEDOS,https://cdn.dsmcdn.com/ty325/product/media/images/20220208/14/46932494/192914914/1/1_org_zoom.jpg
453,MSI,KATANA GF76 12UD-218TR,17.3,16GB,I7 12700H,512GB,W11,https://cdn.dsmcdn.com/ty460/product/media/images/20220625/10/129735628/501713354/1/1_org_zoom.jpg
454,MSI,ALPHA 17 B5EEK-018XTR,17.3,16GB,R7 5800H,512GB,FREEDOS,https://cdn.dsmcdn.com/ty362/product/media/images/20220315/17/70298932/319002839/1/1_org_zoom.jpg
455,MSI,RAIDER GE77HX 12UHS-042TR,17.3,32GB,I7 12800HX,2TB,W11,https://cdn.dsmcdn.com/ty453/product/media/images/20220614/12/125509070/498566580/1/1_org_zoom.jpg